<?xml version="1.0" encoding="UTF-8"?>
<GenRun Id="synth_1" LaunchPart="xc7a100tcsg324-1" LaunchTime="1429479536">
  <File Type="RUN-CONSTRS" Name="$PDATADIR/runs/synth_1/constrs_in.xml"/>
  <File Type="RUN-SRCS" Name="$PDATADIR/runs/synth_1/sources.xml"/>
  <File Type="VDS-HWDEF" Name="vga_top.hwdef"/>
  <File Type="RUN-STRAT" Name="$PDATADIR/runs/synth_1/synth_1.psg"/>
  <File Type="PA-TCL" Name="vga_top.tcl"/>
  <File Type="VDS-TIMINGSUMMARY" Name="vga_top_timing_summary_synth.rpt"/>
  <File Type="VDS-TIMING-PB" Name="vga_top_timing_summary_synth.pb"/>
  <File Type="RDS-DCP" Name="vga_top.dcp"/>
  <File Type="RDS-UTIL-PB" Name="vga_top_utilization_synth.pb"/>
  <File Type="RDS-UTIL" Name="vga_top_utilization_synth.rpt"/>
  <File Type="RDS-RDS" Name="vga_top.vds"/>
  <FileSet Name="sources" Type="DesignSrcs" RelSrcDir="$PSRCDIR/sources_1">
    <Filter Type="Srcs"/>
    <File Path="$PSRCDIR/sources_1/imports/new/type_pkg.vhd">
      <FileInfo>
        <Attr Name="Library" Val="work"/>
        <Attr Name="ImportPath" Val="$PPRDIR/../../../../../classes/ECE551-Spring-2015/ECE551hw/final/chris/disp_draw/disp_draw.srcs/sources_1/new/type_pkg.vhd"/>
        <Attr Name="ImportTime" Val="1428527976"/>
        <Attr Name="UsedIn" Val="synthesis"/>
        <Attr Name="UsedIn" Val="simulation"/>
      </FileInfo>
    </File>
    <File Path="$PSRCDIR/sources_1/new/vga_pkg.vhd">
      <FileInfo>
        <Attr Name="Library" Val="work"/>
        <Attr Name="ImportPath" Val="$PPRDIR/../../../../../classes/ECE551-Spring-2015/ECE551hw/final/john/vga/vga.srcs/sources_1/new/vga_pkg.vhd"/>
        <Attr Name="ImportTime" Val="1429472441"/>
        <Attr Name="UsedIn" Val="synthesis"/>
        <Attr Name="UsedIn" Val="simulation"/>
      </FileInfo>
    </File>
    <File Path="$PSRCDIR/sources_1/imports/sources_1/new/vga_display_gen.vhd">
      <FileInfo>
        <Attr Name="Library" Val="work"/>
        <Attr Name="ImportPath" Val="$PPRDIR/../../../../../classes/ECE551-Spring-2015/Project/vga/vga.srcs/sources_1/new/vga_display_gen.vhd"/>
        <Attr Name="ImportTime" Val="1428936316"/>
        <Attr Name="UsedIn" Val="synthesis"/>
        <Attr Name="UsedIn" Val="simulation"/>
      </FileInfo>
    </File>
    <File Path="$PSRCDIR/sources_1/imports/sources_1/imports/vga/vga_controller_640_60.vhd">
      <FileInfo>
        <Attr Name="Library" Val="work"/>
        <Attr Name="ImportPath" Val="$PPRDIR/../../../../../classes/ECE551-Spring-2015/Project/vga/vga.srcs/sources_1/imports/vga/vga_controller_640_60.vhd"/>
        <Attr Name="ImportTime" Val="1428935732"/>
        <Attr Name="UsedIn" Val="synthesis"/>
        <Attr Name="UsedIn" Val="simulation"/>
      </FileInfo>
    </File>
    <File Path="$PSRCDIR/sources_1/new/vga_top.vhd">
      <FileInfo>
        <Attr Name="Library" Val="work"/>
        <Attr Name="ImportPath" Val="$PPRDIR/../../../../../classes/ECE551-Spring-2015/ECE551hw/final/john/vga/vga.srcs/sources_1/new/vga_top.vhd"/>
        <Attr Name="ImportTime" Val="1429472441"/>
        <Attr Name="UsedIn" Val="synthesis"/>
        <Attr Name="UsedIn" Val="simulation"/>
      </FileInfo>
    </File>
    <File Path="$PSRCDIR/sources_1/ip/clk_wiz_0/clk_wiz_0.upgrade_log">
      <FileInfo>
        <Attr Name="Library" Val="work"/>
        <Attr Name="ImportPath" Val="$PPRDIR/../../../../../classes/ECE551-Spring-2015/2014.2_Project/vga_2014.2/vga_2014.2.srcs/sources_1/ip/clk_wiz_0/clk_wiz_0.upgrade_log"/>
        <Attr Name="ImportTime" Val="1429472899"/>
      </FileInfo>
    </File>
    <Config>
      <Option Name="DesignMode" Val="RTL"/>
      <Option Name="TopModule" Val="vga_top"/>
    </Config>
  </FileSet>
  <FileSet Name="constrs_in" Type="Constrs" RelSrcDir="$PSRCDIR/constrs_1">
    <Filter Type="Constrs"/>
    <File Path="$PSRCDIR/constrs_1/imports/Desktop/Nexys4_vga.xdc">
      <FileInfo>
        <Attr Name="Library" Val="work"/>
        <Attr Name="ImportPath" Val="$PPRDIR/../../../../../../jmurray/Desktop/Nexys4_vga.xdc"/>
        <Attr Name="ImportTime" Val="1428962824"/>
        <Attr Name="UsedIn" Val="synthesis"/>
        <Attr Name="UsedIn" Val="implementation"/>
      </FileInfo>
    </File>
    <Config>
      <Option Name="TargetConstrsFile" Val="$PSRCDIR/constrs_1/imports/Desktop/Nexys4_vga.xdc"/>
      <Option Name="ConstrsType" Val="XDC"/>
    </Config>
  </FileSet>
  <Strategy Version="1" Minor="2">
    <StratHandle Name="Vivado Synthesis Defaults" Flow="Vivado Synthesis 2014"/>
    <Step Id="synth_design"/>
  </Strategy>
  <BlockFileSet Type="BlockSrcs" Name="clk_wiz_0"/>
</GenRun>
