<?xml version="1.0" encoding="UTF-8"?>
<GenRun Id="synth_1" LaunchPart="xc7a100tcsg324-1" LaunchTime="1429904838">
  <File Type="RUN-CONSTRS" Name="$PDATADIR/runs/synth_1/constrs_in.xml"/>
  <File Type="RUN-SRCS" Name="$PDATADIR/runs/synth_1/sources.xml"/>
  <File Type="VDS-HWDEF" Name="top_level.hwdef"/>
  <File Type="RUN-STRAT" Name="$PDATADIR/runs/synth_1/synth_1.psg"/>
  <File Type="PA-TCL" Name="top_level.tcl"/>
  <File Type="VDS-TIMINGSUMMARY" Name="top_level_timing_summary_synth.rpt"/>
  <File Type="VDS-TIMING-PB" Name="top_level_timing_summary_synth.pb"/>
  <File Type="RDS-DCP" Name="top_level.dcp"/>
  <File Type="RDS-UTIL-PB" Name="top_level_utilization_synth.pb"/>
  <File Type="RDS-UTIL" Name="top_level_utilization_synth.rpt"/>
  <File Type="RDS-RDS" Name="top_level.vds"/>
  <FileSet Name="sources" Type="DesignSrcs" RelSrcDir="$PSRCDIR/sources_1">
    <Filter Type="Srcs"/>
    <File Path="$PSRCDIR/sources_1/ip/Square_Root/Square_Root.xco">
      <FileInfo>
        <Attr Name="Library" Val="xil_defaultlib"/>
        <Attr Name="ImportPath" Val="$PPRDIR/../../../../../../data1/cdaffron/git/ece551hw/final/chris/bg_accel/bg_accel.srcs/sources_1/ip/Square_Root/Square_Root.xco"/>
        <Attr Name="ImportTime" Val="1429893836"/>
        <Attr Name="UsedIn" Val="synthesis"/>
        <Attr Name="UsedIn" Val="implementation"/>
        <Attr Name="UsedIn" Val="simulation"/>
      </FileInfo>
    </File>
    <File Path="$PSRCDIR/sources_1/imports/Nexys4UserDemo_ISE_Project/SPI_If.vhd">
      <FileInfo>
        <Attr Name="Library" Val="xil_defaultlib"/>
        <Attr Name="ImportPath" Val="$PPRDIR/../../../../../../data1/cdaffron/git/ece551hw/final/chris/digilent_ref_proj/digilent_ref_proj.srcs/sources_1/imports/cdaffron/Downloads/Nexys4UserDemo/Nexys4UserDemo/source/Nexys4UserDemo_ISE_Project/SPI_If.vhd"/>
        <Attr Name="ImportTime" Val="1429665876"/>
        <Attr Name="UsedIn" Val="synthesis"/>
        <Attr Name="UsedIn" Val="simulation"/>
      </FileInfo>
    </File>
    <File Path="$PSRCDIR/sources_1/imports/sources_1/imports/chris/disp_draw/disp_draw.srcs/sources_1/new/type_pkg.vhd">
      <FileInfo>
        <Attr Name="Library" Val="xil_defaultlib"/>
        <Attr Name="ImportPath" Val="$PPRDIR/../../../../../../data1/cdaffron/git/ece551hw/final/top_level_project/top_level_project.srcs/sources_1/imports/chris/disp_draw/disp_draw.srcs/sources_1/new/type_pkg.vhd"/>
        <Attr Name="ImportTime" Val="1429485403"/>
        <Attr Name="UsedIn" Val="synthesis"/>
        <Attr Name="UsedIn" Val="simulation"/>
      </FileInfo>
    </File>
    <File Path="$PSRCDIR/sources_1/imports/Nexys4UserDemo_ISE_Project/ADXL362Ctrl.vhd">
      <FileInfo>
        <Attr Name="Library" Val="xil_defaultlib"/>
        <Attr Name="ImportPath" Val="$PPRDIR/../../../../../../data1/cdaffron/git/ece551hw/final/chris/digilent_ref_proj/digilent_ref_proj.srcs/sources_1/imports/cdaffron/Downloads/Nexys4UserDemo/Nexys4UserDemo/source/Nexys4UserDemo_ISE_Project/ADXL362Ctrl.vhd"/>
        <Attr Name="ImportTime" Val="1429665876"/>
        <Attr Name="UsedIn" Val="synthesis"/>
        <Attr Name="UsedIn" Val="simulation"/>
      </FileInfo>
    </File>
    <File Path="$PSRCDIR/sources_1/imports/Nexys4UserDemo_ISE_Project/AccelArithmetics.vhd">
      <FileInfo>
        <Attr Name="Library" Val="xil_defaultlib"/>
        <Attr Name="ImportPath" Val="$PPRDIR/../../../../../../data1/cdaffron/git/ece551hw/final/chris/digilent_ref_proj/digilent_ref_proj.srcs/sources_1/imports/cdaffron/Downloads/Nexys4UserDemo/Nexys4UserDemo/source/Nexys4UserDemo_ISE_Project/AccelArithmetics.vhd"/>
        <Attr Name="ImportTime" Val="1429665876"/>
        <Attr Name="UsedIn" Val="synthesis"/>
        <Attr Name="UsedIn" Val="simulation"/>
      </FileInfo>
    </File>
    <File Path="$PSRCDIR/sources_1/imports/sources_1/imports/sources_1/new/vga_pkg.vhd">
      <FileInfo>
        <Attr Name="Library" Val="xil_defaultlib"/>
        <Attr Name="ImportPath" Val="$PPRDIR/../../../../../../data1/cdaffron/git/ece551hw/final/top_level_project/top_level_project.srcs/sources_1/imports/sources_1/new/vga_pkg.vhd"/>
        <Attr Name="ImportTime" Val="1429483753"/>
        <Attr Name="UsedIn" Val="synthesis"/>
        <Attr Name="UsedIn" Val="simulation"/>
      </FileInfo>
    </File>
    <File Path="$PSRCDIR/sources_1/imports/Nexys4UserDemo_ISE_Project/Pwm.vhd">
      <FileInfo>
        <Attr Name="Library" Val="xil_defaultlib"/>
        <Attr Name="ImportPath" Val="$PPRDIR/../../../../../../data1/cdaffron/git/ece551hw/final/chris/digilent_ref_proj/digilent_ref_proj.srcs/sources_1/imports/cdaffron/Downloads/Nexys4UserDemo/Nexys4UserDemo/source/Nexys4UserDemo_ISE_Project/Pwm.vhd"/>
        <Attr Name="ImportTime" Val="1429665876"/>
        <Attr Name="UsedIn" Val="synthesis"/>
        <Attr Name="UsedIn" Val="simulation"/>
      </FileInfo>
    </File>
    <File Path="$PSRCDIR/sources_1/imports/Nexys4UserDemo_ISE_Project/AccelerometerCtl.vhd">
      <FileInfo>
        <Attr Name="Library" Val="xil_defaultlib"/>
        <Attr Name="ImportPath" Val="$PPRDIR/../../../../../../data1/cdaffron/git/ece551hw/final/chris/digilent_ref_proj/digilent_ref_proj.srcs/sources_1/imports/cdaffron/Downloads/Nexys4UserDemo/Nexys4UserDemo/source/Nexys4UserDemo_ISE_Project/AccelerometerCtl.vhd"/>
        <Attr Name="ImportTime" Val="1429665876"/>
        <Attr Name="UsedIn" Val="synthesis"/>
        <Attr Name="UsedIn" Val="simulation"/>
      </FileInfo>
    </File>
    <File Path="$PSRCDIR/sources_1/imports/sources_1/imports/sources_1/imports/sources_1/new/vga_display_gen.vhd">
      <FileInfo>
        <Attr Name="Library" Val="xil_defaultlib"/>
        <Attr Name="ImportPath" Val="$PPRDIR/../../../../../../data1/cdaffron/git/ece551hw/final/top_level_project/top_level_project.srcs/sources_1/imports/sources_1/imports/sources_1/new/vga_display_gen.vhd"/>
        <Attr Name="ImportTime" Val="1429550266"/>
        <Attr Name="UsedIn" Val="synthesis"/>
        <Attr Name="UsedIn" Val="simulation"/>
      </FileInfo>
    </File>
    <File Path="$PSRCDIR/sources_1/imports/sources_1/imports/sources_1/imports/sources_1/imports/vga/vga_controller_640_60.vhd">
      <FileInfo>
        <Attr Name="Library" Val="xil_defaultlib"/>
        <Attr Name="ImportPath" Val="$PPRDIR/../../../../../../data1/cdaffron/git/ece551hw/final/top_level_project/top_level_project.srcs/sources_1/imports/sources_1/imports/sources_1/imports/vga/vga_controller_640_60.vhd"/>
        <Attr Name="ImportTime" Val="1429483753"/>
        <Attr Name="UsedIn" Val="synthesis"/>
        <Attr Name="UsedIn" Val="simulation"/>
      </FileInfo>
    </File>
    <File Path="$PSRCDIR/sources_1/imports/sources_1/imports/new/Hex2SSegDecoder.vhd">
      <FileInfo>
        <Attr Name="Library" Val="xil_defaultlib"/>
        <Attr Name="ImportPath" Val="$PPRDIR/../../../../../../data1/cdaffron/git/ece551hw/final/top_level_project/top_level_project.srcs/sources_1/imports/new/Hex2SSegDecoder.vhd"/>
        <Attr Name="ImportTime" Val="1427571021"/>
        <Attr Name="UsedIn" Val="synthesis"/>
        <Attr Name="UsedIn" Val="simulation"/>
      </FileInfo>
    </File>
    <File Path="$PSRCDIR/sources_1/imports/sources_1/imports/new/averager.vhd">
      <FileInfo>
        <Attr Name="Library" Val="xil_defaultlib"/>
        <Attr Name="ImportPath" Val="$PPRDIR/../../../../../../data1/cdaffron/git/ece551hw/final/top_level_project/top_level_project.srcs/sources_1/imports/new/averager.vhd"/>
        <Attr Name="ImportTime" Val="1429482189"/>
        <Attr Name="UsedIn" Val="synthesis"/>
        <Attr Name="UsedIn" Val="simulation"/>
      </FileInfo>
    </File>
    <File Path="$PSRCDIR/sources_1/imports/sources_1/imports/chris/magnitude/magnitude.srcs/sources_1/new/magnitude.vhd">
      <FileInfo>
        <Attr Name="Library" Val="xil_defaultlib"/>
        <Attr Name="ImportPath" Val="$PPRDIR/../../../../../../data1/cdaffron/git/ece551hw/final/top_level_project/top_level_project.srcs/sources_1/imports/chris/magnitude/magnitude.srcs/sources_1/new/magnitude.vhd"/>
        <Attr Name="ImportTime" Val="1429485364"/>
        <Attr Name="UsedIn" Val="synthesis"/>
        <Attr Name="UsedIn" Val="simulation"/>
      </FileInfo>
    </File>
    <File Path="$PSRCDIR/sources_1/imports/sources_1/imports/sources_1/new/vga_top.vhd">
      <FileInfo>
        <Attr Name="Library" Val="xil_defaultlib"/>
        <Attr Name="ImportPath" Val="$PPRDIR/../../../../../../data1/cdaffron/git/ece551hw/final/top_level_project/top_level_project.srcs/sources_1/imports/sources_1/new/vga_top.vhd"/>
        <Attr Name="ImportTime" Val="1429483753"/>
        <Attr Name="UsedIn" Val="synthesis"/>
        <Attr Name="UsedIn" Val="simulation"/>
      </FileInfo>
    </File>
    <File Path="$PSRCDIR/sources_1/imports/sources_1/imports/new/HexDigs2SSeg.vhd">
      <FileInfo>
        <Attr Name="Library" Val="xil_defaultlib"/>
        <Attr Name="ImportPath" Val="$PPRDIR/../../../../../../data1/cdaffron/git/ece551hw/final/top_level_project/top_level_project.srcs/sources_1/imports/new/HexDigs2SSeg.vhd"/>
        <Attr Name="ImportTime" Val="1427571021"/>
        <Attr Name="UsedIn" Val="synthesis"/>
        <Attr Name="UsedIn" Val="simulation"/>
      </FileInfo>
    </File>
    <File Path="$PSRCDIR/sources_1/imports/sources_1/imports/new/CDiv.vhd">
      <FileInfo>
        <Attr Name="Library" Val="xil_defaultlib"/>
        <Attr Name="ImportPath" Val="$PPRDIR/../../../../../../data1/cdaffron/git/ece551hw/final/top_level_project/top_level_project.srcs/sources_1/imports/new/CDiv.vhd"/>
        <Attr Name="ImportTime" Val="1427571021"/>
        <Attr Name="UsedIn" Val="synthesis"/>
        <Attr Name="UsedIn" Val="simulation"/>
      </FileInfo>
    </File>
    <File Path="$PSRCDIR/sources_1/imports/sources_1/imports/adc_fft_to_pc/adc_fft_fsmV3_noUART.vhd">
      <FileInfo>
        <Attr Name="Library" Val="xil_defaultlib"/>
        <Attr Name="ImportPath" Val="$PPRDIR/../../../../../../data1/cdaffron/git/ece551hw/final/top_level_project/top_level_project.srcs/sources_1/imports/adc_fft_to_pc/adc_fft_fsmV3_noUART.vhd"/>
        <Attr Name="ImportTime" Val="1429293243"/>
        <Attr Name="UsedIn" Val="synthesis"/>
        <Attr Name="UsedIn" Val="simulation"/>
      </FileInfo>
    </File>
    <File Path="$PSRCDIR/sources_1/imports/new/disp_draw.vhd">
      <FileInfo>
        <Attr Name="Library" Val="xil_defaultlib"/>
        <Attr Name="ImportPath" Val="$PPRDIR/../../../../../../data1/cdaffron/git/ece551hw/final/chris/bars_to_seg_disp/bars_to_seg_disp.srcs/sources_1/imports/chris/disp_draw/disp_draw.srcs/sources_1/new/disp_draw.vhd"/>
        <Attr Name="ImportTime" Val="1429483373"/>
        <Attr Name="UsedIn" Val="synthesis"/>
        <Attr Name="UsedIn" Val="simulation"/>
      </FileInfo>
    </File>
    <File Path="$PSRCDIR/sources_1/imports/sources_1/new/top_level.vhd">
      <FileInfo>
        <Attr Name="Library" Val="xil_defaultlib"/>
        <Attr Name="ImportPath" Val="$PPRDIR/../../../../../../data1/cdaffron/git/ece551hw/final/top_level_project/top_level_project.srcs/sources_1/new/top_level.vhd"/>
        <Attr Name="ImportTime" Val="1429486085"/>
        <Attr Name="UsedIn" Val="synthesis"/>
        <Attr Name="UsedIn" Val="simulation"/>
      </FileInfo>
    </File>
    <File Path="$PSRCDIR/sources_1/imports/coe files/gunshot.coe">
      <FileInfo>
        <Attr Name="Library" Val="xil_defaultlib"/>
        <Attr Name="ImportPath" Val="$PPRDIR/../../../../../../data1/cdaffron/git/ece551hw/final/jacob/sources/coe files/gunshot.coe"/>
        <Attr Name="ImportTime" Val="1429487726"/>
        <Attr Name="UsedIn" Val="synthesis"/>
        <Attr Name="UsedIn" Val="simulation"/>
      </FileInfo>
    </File>
    <File Path="$PSRCDIR/sources_1/ip/blk_mem_gen_0/blk_mem_gen_0.upgrade_log">
      <FileInfo>
        <Attr Name="Library" Val="xil_defaultlib"/>
        <Attr Name="ImportPath" Val="$PPRDIR/../../../../../../data1/cdaffron/git/ece551hw/final/john/top_level2_2014.2/top_level2_2014.2.srcs/sources_1/ip/blk_mem_gen_0/blk_mem_gen_0.upgrade_log"/>
        <Attr Name="ImportTime" Val="1429561049"/>
      </FileInfo>
    </File>
    <File Path="$PSRCDIR/sources_1/ip/blk_mem_gen_1/blk_mem_gen_1.upgrade_log">
      <FileInfo>
        <Attr Name="Library" Val="xil_defaultlib"/>
        <Attr Name="ImportPath" Val="$PPRDIR/../../../../../../data1/cdaffron/git/ece551hw/final/john/top_level2_2014.2/top_level2_2014.2.srcs/sources_1/ip/blk_mem_gen_1/blk_mem_gen_1.upgrade_log"/>
        <Attr Name="ImportTime" Val="1429561049"/>
      </FileInfo>
    </File>
    <File Path="$PSRCDIR/sources_1/ip/c_addsub_0/c_addsub_0.upgrade_log">
      <FileInfo>
        <Attr Name="Library" Val="xil_defaultlib"/>
        <Attr Name="ImportPath" Val="$PPRDIR/../../../../../../data1/cdaffron/git/ece551hw/final/john/top_level2_2014.2/top_level2_2014.2.srcs/sources_1/ip/c_addsub_0/c_addsub_0.upgrade_log"/>
        <Attr Name="ImportTime" Val="1429561049"/>
      </FileInfo>
    </File>
    <File Path="$PSRCDIR/sources_1/ip/clk_wiz_vga/clk_wiz_vga.upgrade_log">
      <FileInfo>
        <Attr Name="Library" Val="xil_defaultlib"/>
        <Attr Name="ImportPath" Val="$PPRDIR/../../../../../../data1/cdaffron/git/ece551hw/final/john/top_level2_2014.2/top_level2_2014.2.srcs/sources_1/ip/clk_wiz_vga/clk_wiz_vga.upgrade_log"/>
        <Attr Name="ImportTime" Val="1429561049"/>
      </FileInfo>
    </File>
    <File Path="$PSRCDIR/sources_1/ip/cordic_0/cordic_0.upgrade_log">
      <FileInfo>
        <Attr Name="Library" Val="xil_defaultlib"/>
        <Attr Name="ImportPath" Val="$PPRDIR/../../../../../../data1/cdaffron/git/ece551hw/final/john/top_level2_2014.2/top_level2_2014.2.srcs/sources_1/ip/cordic_0/cordic_0.upgrade_log"/>
        <Attr Name="ImportTime" Val="1429561049"/>
      </FileInfo>
    </File>
    <File Path="$PSRCDIR/sources_1/ip/mult_gen_0/mult_gen_0.upgrade_log">
      <FileInfo>
        <Attr Name="Library" Val="xil_defaultlib"/>
        <Attr Name="ImportPath" Val="$PPRDIR/../../../../../../data1/cdaffron/git/ece551hw/final/john/top_level2_2014.2/top_level2_2014.2.srcs/sources_1/ip/mult_gen_0/mult_gen_0.upgrade_log"/>
        <Attr Name="ImportTime" Val="1429561049"/>
      </FileInfo>
    </File>
    <File Path="$PSRCDIR/sources_1/ip/xfft_0/xfft_0.upgrade_log">
      <FileInfo>
        <Attr Name="Library" Val="xil_defaultlib"/>
        <Attr Name="ImportPath" Val="$PPRDIR/../../../../../../data1/cdaffron/git/ece551hw/final/john/top_level2_2014.2/top_level2_2014.2.srcs/sources_1/ip/xfft_0/xfft_0.upgrade_log"/>
        <Attr Name="ImportTime" Val="1429561049"/>
      </FileInfo>
    </File>
    <File Path="$PSRCDIR/sources_1/ip/clk_wiz_0/clk_wiz_0.upgrade_log">
      <FileInfo>
        <Attr Name="Library" Val="xil_defaultlib"/>
        <Attr Name="ImportPath" Val="$PPRDIR/../../../../../../data1/cdaffron/git/ece551hw/final/john/top_level2_2014.2/top_level2_2014.2.srcs/sources_1/ip/clk_wiz_0/clk_wiz_0.upgrade_log"/>
        <Attr Name="ImportTime" Val="1429564515"/>
      </FileInfo>
    </File>
    <File Path="$PSRCDIR/sources_1/ip/vio_0/vio_0.upgrade_log">
      <FileInfo>
        <Attr Name="Library" Val="xil_defaultlib"/>
        <Attr Name="ImportPath" Val="$PPRDIR/../../../../../../data1/cdaffron/git/ece551hw/final/john/top_level2_2014.2/top_level2_2014.2.srcs/sources_1/ip/vio_0/vio_0.upgrade_log"/>
        <Attr Name="ImportTime" Val="1429564518"/>
      </FileInfo>
    </File>
    <File Path="$PSRCDIR/sources_1/ip/c_counter_binary_0/c_counter_binary_0.upgrade_log">
      <FileInfo>
        <Attr Name="Library" Val="xil_defaultlib"/>
        <Attr Name="ImportPath" Val="$PPRDIR/../../../../../../data1/cdaffron/git/ece551hw/final/john/top_level2_2014.2/top_level2_2014.2.srcs/sources_1/ip/c_counter_binary_0/c_counter_binary_0.upgrade_log"/>
        <Attr Name="ImportTime" Val="1429564519"/>
      </FileInfo>
    </File>
    <File Path="$PPRDIR/../../../../../../data1/cdaffron/git/ece551hw/final/jacob/sources/coe files/gunshot.coe">
      <FileInfo>
        <Attr Name="Library" Val="xil_defaultlib"/>
        <Attr Name="UsedIn" Val="synthesis"/>
        <Attr Name="UsedIn" Val="simulation"/>
      </FileInfo>
    </File>
    <File Path="$PSRCDIR/sources_1/imports/coe files/mat_5kHz_int16_2048samples.coe">
      <FileInfo>
        <Attr Name="Library" Val="xil_defaultlib"/>
        <Attr Name="ImportPath" Val="$PPRDIR/../../../../../../data1/cdaffron/git/ece551hw/final/jacob/sources/coe files/mat_5kHz_int16_2048samples.coe"/>
        <Attr Name="ImportTime" Val="1429487726"/>
        <Attr Name="UsedIn" Val="synthesis"/>
        <Attr Name="UsedIn" Val="simulation"/>
      </FileInfo>
    </File>
    <Config>
      <Option Name="DesignMode" Val="RTL"/>
      <Option Name="TopModule" Val="top_level"/>
      <Option Name="TopAutoSet" Val="TRUE"/>
    </Config>
  </FileSet>
  <FileSet Name="constrs_in" Type="Constrs" RelSrcDir="$PSRCDIR/constrs_1">
    <Filter Type="Constrs"/>
    <File Path="$PSRCDIR/constrs_1/imports/lab2/Nexys4_Master.xdc">
      <FileInfo>
        <Attr Name="Library" Val="xil_defaultlib"/>
        <Attr Name="ImportPath" Val="$PPRDIR/../../../../../../data1/cdaffron/git/ece551hw/final/top_level_project/top_level_project.srcs/constrs_1/imports/lab2/Nexys4_Master.xdc"/>
        <Attr Name="ImportTime" Val="1429485808"/>
        <Attr Name="UsedIn" Val="synthesis"/>
        <Attr Name="UsedIn" Val="implementation"/>
      </FileInfo>
    </File>
    <File Path="$PPRDIR/../../../../../../data1/cdaffron/git/ece551hw/final/final_project_team_y/final_project_team_y.data/constrs_1/designprops.xml">
      <FileInfo SFType="CompatPartsDb">
        <Attr Name="Library" Val="xil_defaultlib"/>
        <Attr Name="ImportPath" Val="$PPRDIR/../../../../../../data1/cdaffron/git/ece551hw/final/chris/final_version_opt_test/final_version_opt_test.ioplanning/constrs_1/designprops.xml"/>
        <Attr Name="ImportTime" Val="1429902930"/>
      </FileInfo>
    </File>
    <File Path="$PPRDIR/../../../../../../data1/cdaffron/git/ece551hw/final/final_project_team_y/final_project_team_y.data/constrs_1/usercols.xml">
      <FileInfo SFType="UserColsDb">
        <Attr Name="Library" Val="xil_defaultlib"/>
        <Attr Name="ImportPath" Val="$PPRDIR/../../../../../../data1/cdaffron/git/ece551hw/final/chris/final_version_opt_test/final_version_opt_test.ioplanning/constrs_1/usercols.xml"/>
        <Attr Name="ImportTime" Val="1429902930"/>
      </FileInfo>
    </File>
    <Config>
      <Option Name="TargetConstrsFile" Val="$PSRCDIR/constrs_1/imports/lab2/Nexys4_Master.xdc"/>
      <Option Name="ConstrsType" Val="XDC"/>
    </Config>
  </FileSet>
  <Strategy Version="1" Minor="2">
    <StratHandle Name="Vivado Synthesis Defaults" Flow="Vivado Synthesis 2014"/>
    <Step Id="synth_design">
      <Option Id="GatedClockConversion">2</Option>
    </Step>
  </Strategy>
  <BlockFileSet Type="BlockSrcs" Name="mult_gen_0"/>
  <BlockFileSet Type="BlockSrcs" Name="c_addsub_0"/>
  <BlockFileSet Type="BlockSrcs" Name="cordic_0"/>
  <BlockFileSet Type="BlockSrcs" Name="blk_mem_gen_0"/>
  <BlockFileSet Type="BlockSrcs" Name="blk_mem_gen_1"/>
  <BlockFileSet Type="BlockSrcs" Name="clk_wiz_0"/>
  <BlockFileSet Type="BlockSrcs" Name="c_counter_binary_0"/>
  <BlockFileSet Type="BlockSrcs" Name="xfft_0"/>
  <BlockFileSet Type="BlockSrcs" Name="clk_wiz_vga"/>
</GenRun>
