<?xml version="1.0" encoding="UTF-8"?>
<GenRun Id="clk_wiz_0_synth_1" LaunchPart="xc7a100tcsg324-1" LaunchTime="1429662651">
  <File Type="RDS-RDS" Name="clk_wiz_0.vds"/>
  <File Type="RUN-CONSTRS" Name="$PDATADIR/runs/clk_wiz_0_synth_1/constrs_in.xml"/>
  <File Type="RDS-UTIL-PB" Name="clk_wiz_0_utilization_synth.pb"/>
  <File Type="RDS-DCP" Name="clk_wiz_0.dcp"/>
  <File Type="VDS-TIMING-PB" Name="clk_wiz_0_timing_summary_synth.pb"/>
  <File Type="PA-TCL" Name="clk_wiz_0.tcl"/>
  <File Type="RDS-UTIL" Name="clk_wiz_0_utilization_synth.rpt"/>
  <File Type="RUN-STRAT" Name="$PDATADIR/runs/clk_wiz_0_synth_1/clk_wiz_0_synth_1.psg"/>
  <File Type="RUN-SRCS" Name="$PDATADIR/runs/clk_wiz_0_synth_1/sources.xml"/>
  <File Type="VDS-HWDEF" Name="clk_wiz_0.hwdef"/>
  <File Type="VDS-TIMINGSUMMARY" Name="clk_wiz_0_timing_summary_synth.rpt"/>
  <FileSet Name="sources" Type="BlockSrcs" RelSrcDir="$PSRCDIR/clk_wiz_0">
    <File Path="$PSRCDIR/sources_1/ip/clk_wiz_0/clk_wiz_0.xci">
      <FileInfo>
        <Attr Name="Library" Val="xil_defaultlib"/>
        <Attr Name="ImportPath" Val="$PPRDIR/../../../../../../data1/cdaffron/git/ece551hw/final/top_level2/top_level2.srcs/sources_1/ip/clk_wiz_0/clk_wiz_0.xci"/>
        <Attr Name="ImportTime" Val="1429494574"/>
        <Attr Name="UsedIn" Val="synthesis"/>
        <Attr Name="UsedIn" Val="implementation"/>
        <Attr Name="UsedIn" Val="simulation"/>
      </FileInfo>
    </File>
    <Config>
      <Option Name="TopModule" Val="clk_wiz_0"/>
      <Option Name="UseBlackboxStub" Val="1"/>
    </Config>
  </FileSet>
  <FileSet Name="constrs_in" Type="BlockSrcs" RelSrcDir="$PSRCDIR/clk_wiz_0">
    <File Path="$PSRCDIR/sources_1/ip/clk_wiz_0/clk_wiz_0.xci">
      <FileInfo>
        <Attr Name="Library" Val="xil_defaultlib"/>
        <Attr Name="ImportPath" Val="$PPRDIR/../../../../../../data1/cdaffron/git/ece551hw/final/top_level2/top_level2.srcs/sources_1/ip/clk_wiz_0/clk_wiz_0.xci"/>
        <Attr Name="ImportTime" Val="1429494574"/>
        <Attr Name="UsedIn" Val="synthesis"/>
        <Attr Name="UsedIn" Val="implementation"/>
        <Attr Name="UsedIn" Val="simulation"/>
      </FileInfo>
    </File>
    <Config>
      <Option Name="TopModule" Val="clk_wiz_0"/>
      <Option Name="UseBlackboxStub" Val="1"/>
    </Config>
  </FileSet>
  <Strategy Version="1" Minor="2">
    <StratHandle Name="Vivado Synthesis Defaults" Flow="Vivado Synthesis 2014"/>
    <Step Id="synth_design"/>
  </Strategy>
</GenRun>
