<?xml version="1.0" encoding="UTF-8"?>
<spirit:component xmlns:xilinx="http://www.xilinx.com" xmlns:spirit="http://www.spiritconsortium.org/XMLSchema/SPIRIT/1685-2009" xmlns:xsi="http://www.w3.org/2001/XMLSchema-instance">
  <spirit:vendor>xilinx.com</spirit:vendor>
  <spirit:library>customized_ip</spirit:library>
  <spirit:name>c_addsub_0</spirit:name>
  <spirit:version>1.0</spirit:version>
  <spirit:busInterfaces>
    <spirit:busInterface>
      <spirit:name>a_intf</spirit:name>
      <spirit:busType spirit:vendor="xilinx.com" spirit:library="signal" spirit:name="data" spirit:version="1.0"/>
      <spirit:abstractionType spirit:vendor="xilinx.com" spirit:library="signal" spirit:name="data_rtl" spirit:version="1.0"/>
      <spirit:slave/>
      <spirit:portMaps>
        <spirit:portMap>
          <spirit:logicalPort>
            <spirit:name>DATA</spirit:name>
          </spirit:logicalPort>
          <spirit:physicalPort>
            <spirit:name>A</spirit:name>
          </spirit:physicalPort>
        </spirit:portMap>
      </spirit:portMaps>
    </spirit:busInterface>
    <spirit:busInterface>
      <spirit:name>clk_intf</spirit:name>
      <spirit:busType spirit:vendor="xilinx.com" spirit:library="signal" spirit:name="clock" spirit:version="1.0"/>
      <spirit:abstractionType spirit:vendor="xilinx.com" spirit:library="signal" spirit:name="clock_rtl" spirit:version="1.0"/>
      <spirit:slave/>
      <spirit:portMaps>
        <spirit:portMap>
          <spirit:logicalPort>
            <spirit:name>CLK</spirit:name>
          </spirit:logicalPort>
          <spirit:physicalPort>
            <spirit:name>CLK</spirit:name>
          </spirit:physicalPort>
        </spirit:portMap>
      </spirit:portMaps>
      <spirit:parameters>
        <spirit:parameter>
          <spirit:name>ASSOCIATED_BUSIF</spirit:name>
          <spirit:value spirit:id="BUSIFPARAM_VALUE.CLK_INTF.ASSOCIATED_BUSIF">s_intf:c_out_intf:sinit_intf:sset_intf:bypass_intf:c_in_intf:add_intf:b_intf:a_intf</spirit:value>
        </spirit:parameter>
        <spirit:parameter>
          <spirit:name>ASSOCIATED_RESET</spirit:name>
          <spirit:value spirit:id="BUSIFPARAM_VALUE.CLK_INTF.ASSOCIATED_RESET">SCLR</spirit:value>
        </spirit:parameter>
        <spirit:parameter>
          <spirit:name>ASSOCIATED_CLKEN</spirit:name>
          <spirit:value spirit:id="BUSIFPARAM_VALUE.CLK_INTF.ASSOCIATED_CLKEN">CE</spirit:value>
        </spirit:parameter>
        <spirit:parameter>
          <spirit:name>FREQ_HZ</spirit:name>
          <spirit:value spirit:resolve="user" spirit:id="BUSIFPARAM_VALUE.CLK_INTF.FREQ_HZ">100000000</spirit:value>
        </spirit:parameter>
      </spirit:parameters>
    </spirit:busInterface>
    <spirit:busInterface>
      <spirit:name>sclr_intf</spirit:name>
      <spirit:busType spirit:vendor="xilinx.com" spirit:library="signal" spirit:name="reset" spirit:version="1.0"/>
      <spirit:abstractionType spirit:vendor="xilinx.com" spirit:library="signal" spirit:name="reset_rtl" spirit:version="1.0"/>
      <spirit:slave/>
      <spirit:portMaps>
        <spirit:portMap>
          <spirit:logicalPort>
            <spirit:name>RST</spirit:name>
          </spirit:logicalPort>
          <spirit:physicalPort>
            <spirit:name>SCLR</spirit:name>
          </spirit:physicalPort>
        </spirit:portMap>
      </spirit:portMaps>
      <spirit:parameters>
        <spirit:parameter>
          <spirit:name>POLARITY</spirit:name>
          <spirit:value spirit:id="BUSIFPARAM_VALUE.SCLR_INTF.POLARITY">ACTIVE_HIGH</spirit:value>
        </spirit:parameter>
      </spirit:parameters>
    </spirit:busInterface>
    <spirit:busInterface>
      <spirit:name>ce_intf</spirit:name>
      <spirit:busType spirit:vendor="xilinx.com" spirit:library="signal" spirit:name="clockenable" spirit:version="1.0"/>
      <spirit:abstractionType spirit:vendor="xilinx.com" spirit:library="signal" spirit:name="clockenable_rtl" spirit:version="1.0"/>
      <spirit:slave/>
      <spirit:portMaps>
        <spirit:portMap>
          <spirit:logicalPort>
            <spirit:name>CE</spirit:name>
          </spirit:logicalPort>
          <spirit:physicalPort>
            <spirit:name>CE</spirit:name>
          </spirit:physicalPort>
        </spirit:portMap>
      </spirit:portMaps>
    </spirit:busInterface>
    <spirit:busInterface>
      <spirit:name>b_intf</spirit:name>
      <spirit:busType spirit:vendor="xilinx.com" spirit:library="signal" spirit:name="data" spirit:version="1.0"/>
      <spirit:abstractionType spirit:vendor="xilinx.com" spirit:library="signal" spirit:name="data_rtl" spirit:version="1.0"/>
      <spirit:slave/>
      <spirit:portMaps>
        <spirit:portMap>
          <spirit:logicalPort>
            <spirit:name>DATA</spirit:name>
          </spirit:logicalPort>
          <spirit:physicalPort>
            <spirit:name>B</spirit:name>
          </spirit:physicalPort>
        </spirit:portMap>
      </spirit:portMaps>
    </spirit:busInterface>
    <spirit:busInterface>
      <spirit:name>add_intf</spirit:name>
      <spirit:busType spirit:vendor="xilinx.com" spirit:library="signal" spirit:name="data" spirit:version="1.0"/>
      <spirit:abstractionType spirit:vendor="xilinx.com" spirit:library="signal" spirit:name="data_rtl" spirit:version="1.0"/>
      <spirit:slave/>
      <spirit:portMaps>
        <spirit:portMap>
          <spirit:logicalPort>
            <spirit:name>DATA</spirit:name>
          </spirit:logicalPort>
          <spirit:physicalPort>
            <spirit:name>ADD</spirit:name>
          </spirit:physicalPort>
        </spirit:portMap>
      </spirit:portMaps>
    </spirit:busInterface>
    <spirit:busInterface>
      <spirit:name>c_in_intf</spirit:name>
      <spirit:busType spirit:vendor="xilinx.com" spirit:library="signal" spirit:name="data" spirit:version="1.0"/>
      <spirit:abstractionType spirit:vendor="xilinx.com" spirit:library="signal" spirit:name="data_rtl" spirit:version="1.0"/>
      <spirit:slave/>
      <spirit:portMaps>
        <spirit:portMap>
          <spirit:logicalPort>
            <spirit:name>DATA</spirit:name>
          </spirit:logicalPort>
          <spirit:physicalPort>
            <spirit:name>C_IN</spirit:name>
          </spirit:physicalPort>
        </spirit:portMap>
      </spirit:portMaps>
    </spirit:busInterface>
    <spirit:busInterface>
      <spirit:name>bypass_intf</spirit:name>
      <spirit:busType spirit:vendor="xilinx.com" spirit:library="signal" spirit:name="data" spirit:version="1.0"/>
      <spirit:abstractionType spirit:vendor="xilinx.com" spirit:library="signal" spirit:name="data_rtl" spirit:version="1.0"/>
      <spirit:slave/>
      <spirit:portMaps>
        <spirit:portMap>
          <spirit:logicalPort>
            <spirit:name>DATA</spirit:name>
          </spirit:logicalPort>
          <spirit:physicalPort>
            <spirit:name>BYPASS</spirit:name>
          </spirit:physicalPort>
        </spirit:portMap>
      </spirit:portMaps>
    </spirit:busInterface>
    <spirit:busInterface>
      <spirit:name>sset_intf</spirit:name>
      <spirit:busType spirit:vendor="xilinx.com" spirit:library="signal" spirit:name="data" spirit:version="1.0"/>
      <spirit:abstractionType spirit:vendor="xilinx.com" spirit:library="signal" spirit:name="data_rtl" spirit:version="1.0"/>
      <spirit:slave/>
      <spirit:portMaps>
        <spirit:portMap>
          <spirit:logicalPort>
            <spirit:name>DATA</spirit:name>
          </spirit:logicalPort>
          <spirit:physicalPort>
            <spirit:name>SSET</spirit:name>
          </spirit:physicalPort>
        </spirit:portMap>
      </spirit:portMaps>
    </spirit:busInterface>
    <spirit:busInterface>
      <spirit:name>sinit_intf</spirit:name>
      <spirit:busType spirit:vendor="xilinx.com" spirit:library="signal" spirit:name="data" spirit:version="1.0"/>
      <spirit:abstractionType spirit:vendor="xilinx.com" spirit:library="signal" spirit:name="data_rtl" spirit:version="1.0"/>
      <spirit:slave/>
      <spirit:portMaps>
        <spirit:portMap>
          <spirit:logicalPort>
            <spirit:name>DATA</spirit:name>
          </spirit:logicalPort>
          <spirit:physicalPort>
            <spirit:name>SINIT</spirit:name>
          </spirit:physicalPort>
        </spirit:portMap>
      </spirit:portMaps>
    </spirit:busInterface>
    <spirit:busInterface>
      <spirit:name>c_out_intf</spirit:name>
      <spirit:busType spirit:vendor="xilinx.com" spirit:library="signal" spirit:name="data" spirit:version="1.0"/>
      <spirit:abstractionType spirit:vendor="xilinx.com" spirit:library="signal" spirit:name="data_rtl" spirit:version="1.0"/>
      <spirit:master/>
      <spirit:portMaps>
        <spirit:portMap>
          <spirit:logicalPort>
            <spirit:name>DATA</spirit:name>
          </spirit:logicalPort>
          <spirit:physicalPort>
            <spirit:name>C_OUT</spirit:name>
          </spirit:physicalPort>
        </spirit:portMap>
      </spirit:portMaps>
    </spirit:busInterface>
    <spirit:busInterface>
      <spirit:name>s_intf</spirit:name>
      <spirit:busType spirit:vendor="xilinx.com" spirit:library="signal" spirit:name="data" spirit:version="1.0"/>
      <spirit:abstractionType spirit:vendor="xilinx.com" spirit:library="signal" spirit:name="data_rtl" spirit:version="1.0"/>
      <spirit:master/>
      <spirit:portMaps>
        <spirit:portMap>
          <spirit:logicalPort>
            <spirit:name>DATA</spirit:name>
          </spirit:logicalPort>
          <spirit:physicalPort>
            <spirit:name>S</spirit:name>
          </spirit:physicalPort>
        </spirit:portMap>
      </spirit:portMaps>
    </spirit:busInterface>
  </spirit:busInterfaces>
  <spirit:model>
    <spirit:views>
      <spirit:view>
        <spirit:name>xilinx_vhdlinstantiationtemplate</spirit:name>
        <spirit:displayName>VHDL Instantiation Template</spirit:displayName>
        <spirit:envIdentifier>vhdlSource:vivado.xilinx.com:synthesis.template</spirit:envIdentifier>
        <spirit:language>vhdl</spirit:language>
        <spirit:fileSetRef>
          <spirit:localName>xilinx_vhdlinstantiationtemplate_view_fileset</spirit:localName>
        </spirit:fileSetRef>
        <spirit:parameters>
          <spirit:parameter>
            <spirit:name>customizationCRC</spirit:name>
            <spirit:value>0723bbbf</spirit:value>
          </spirit:parameter>
          <spirit:parameter>
            <spirit:name>customizationCRCversion</spirit:name>
            <spirit:value>4</spirit:value>
          </spirit:parameter>
          <spirit:parameter>
            <spirit:name>GENtimestamp</spirit:name>
            <spirit:value>Mon Apr 20 01:52:08 UTC 2015</spirit:value>
          </spirit:parameter>
          <spirit:parameter>
            <spirit:name>StaleAtRelink</spirit:name>
            <spirit:value>false</spirit:value>
          </spirit:parameter>
        </spirit:parameters>
      </spirit:view>
      <spirit:view>
        <spirit:name>xilinx_vhdlsynthesis</spirit:name>
        <spirit:displayName>VHDL Synthesis</spirit:displayName>
        <spirit:envIdentifier>vhdlSource:vivado.xilinx.com:synthesis</spirit:envIdentifier>
        <spirit:language>vhdl</spirit:language>
        <spirit:fileSetRef>
          <spirit:localName>xilinx_vhdlsynthesis_xilinx_com_ip_xbip_utils_3_0__ref_view_fileset</spirit:localName>
        </spirit:fileSetRef>
        <spirit:fileSetRef>
          <spirit:localName>xilinx_vhdlsynthesis_xilinx_com_ip_c_reg_fd_12_0__ref_view_fileset</spirit:localName>
        </spirit:fileSetRef>
        <spirit:fileSetRef>
          <spirit:localName>xilinx_vhdlsynthesis_xilinx_com_ip_xbip_dsp48_wrapper_3_0__ref_view_fileset</spirit:localName>
        </spirit:fileSetRef>
        <spirit:fileSetRef>
          <spirit:localName>xilinx_vhdlsynthesis_xilinx_com_ip_xbip_pipe_3_0__ref_view_fileset</spirit:localName>
        </spirit:fileSetRef>
        <spirit:fileSetRef>
          <spirit:localName>xilinx_vhdlsynthesis_xilinx_com_ip_xbip_dsp48_addsub_3_0__ref_view_fileset</spirit:localName>
        </spirit:fileSetRef>
        <spirit:fileSetRef>
          <spirit:localName>xilinx_vhdlsynthesis_xilinx_com_ip_xbip_addsub_3_0__ref_view_fileset</spirit:localName>
        </spirit:fileSetRef>
        <spirit:fileSetRef>
          <spirit:localName>xilinx_vhdlsynthesis_view_fileset</spirit:localName>
        </spirit:fileSetRef>
        <spirit:parameters>
          <spirit:parameter>
            <spirit:name>customizationCRC</spirit:name>
            <spirit:value>0723bbbf</spirit:value>
          </spirit:parameter>
          <spirit:parameter>
            <spirit:name>customizationCRCversion</spirit:name>
            <spirit:value>4</spirit:value>
          </spirit:parameter>
          <spirit:parameter>
            <spirit:name>GENtimestamp</spirit:name>
            <spirit:value>Mon Apr 20 01:52:35 UTC 2015</spirit:value>
          </spirit:parameter>
          <spirit:parameter>
            <spirit:name>StaleAtRelink</spirit:name>
            <spirit:value>false</spirit:value>
          </spirit:parameter>
        </spirit:parameters>
      </spirit:view>
      <spirit:view>
        <spirit:name>xilinx_synthesisconstraints</spirit:name>
        <spirit:displayName>Synthesis Constraints</spirit:displayName>
        <spirit:envIdentifier>:vivado.xilinx.com:synthesis.constraints</spirit:envIdentifier>
        <spirit:fileSetRef>
          <spirit:localName>xilinx_synthesisconstraints_view_fileset</spirit:localName>
        </spirit:fileSetRef>
        <spirit:parameters>
          <spirit:parameter>
            <spirit:name>customizationCRC</spirit:name>
            <spirit:value>0723bbbf</spirit:value>
          </spirit:parameter>
          <spirit:parameter>
            <spirit:name>customizationCRCversion</spirit:name>
            <spirit:value>4</spirit:value>
          </spirit:parameter>
          <spirit:parameter>
            <spirit:name>GENtimestamp</spirit:name>
            <spirit:value>Mon Apr 20 01:52:35 UTC 2015</spirit:value>
          </spirit:parameter>
          <spirit:parameter>
            <spirit:name>StaleAtRelink</spirit:name>
            <spirit:value>false</spirit:value>
          </spirit:parameter>
        </spirit:parameters>
      </spirit:view>
      <spirit:view>
        <spirit:name>xilinx_vhdlsynthesiswrapper</spirit:name>
        <spirit:displayName>VHDL Synthesis Wrapper</spirit:displayName>
        <spirit:envIdentifier>vhdlSource:vivado.xilinx.com:synthesis.wrapper</spirit:envIdentifier>
        <spirit:language>vhdl</spirit:language>
        <spirit:fileSetRef>
          <spirit:localName>xilinx_vhdlsynthesiswrapper_view_fileset</spirit:localName>
        </spirit:fileSetRef>
        <spirit:parameters>
          <spirit:parameter>
            <spirit:name>customizationCRC</spirit:name>
            <spirit:value>0723bbbf</spirit:value>
          </spirit:parameter>
          <spirit:parameter>
            <spirit:name>customizationCRCversion</spirit:name>
            <spirit:value>4</spirit:value>
          </spirit:parameter>
          <spirit:parameter>
            <spirit:name>GENtimestamp</spirit:name>
            <spirit:value>Mon Apr 20 01:52:35 UTC 2015</spirit:value>
          </spirit:parameter>
          <spirit:parameter>
            <spirit:name>StaleAtRelink</spirit:name>
            <spirit:value>false</spirit:value>
          </spirit:parameter>
        </spirit:parameters>
      </spirit:view>
      <spirit:view>
        <spirit:name>xilinx_vhdlbehavioralsimulation</spirit:name>
        <spirit:displayName>VHDL Simulation</spirit:displayName>
        <spirit:envIdentifier>vhdlSource:vivado.xilinx.com:simulation</spirit:envIdentifier>
        <spirit:language>vhdl</spirit:language>
        <spirit:fileSetRef>
          <spirit:localName>xilinx_vhdlbehavioralsimulation_xilinx_com_ip_xbip_utils_3_0__ref_view_fileset</spirit:localName>
        </spirit:fileSetRef>
        <spirit:fileSetRef>
          <spirit:localName>xilinx_vhdlbehavioralsimulation_xilinx_com_ip_c_reg_fd_12_0__ref_view_fileset</spirit:localName>
        </spirit:fileSetRef>
        <spirit:fileSetRef>
          <spirit:localName>xilinx_vhdlbehavioralsimulation_xilinx_com_ip_xbip_dsp48_wrapper_3_0__ref_view_fileset</spirit:localName>
        </spirit:fileSetRef>
        <spirit:fileSetRef>
          <spirit:localName>xilinx_vhdlbehavioralsimulation_xilinx_com_ip_xbip_pipe_3_0__ref_view_fileset</spirit:localName>
        </spirit:fileSetRef>
        <spirit:fileSetRef>
          <spirit:localName>xilinx_vhdlbehavioralsimulation_xilinx_com_ip_xbip_dsp48_addsub_3_0__ref_view_fileset</spirit:localName>
        </spirit:fileSetRef>
        <spirit:fileSetRef>
          <spirit:localName>xilinx_vhdlbehavioralsimulation_xilinx_com_ip_xbip_addsub_3_0__ref_view_fileset</spirit:localName>
        </spirit:fileSetRef>
        <spirit:fileSetRef>
          <spirit:localName>xilinx_vhdlbehavioralsimulation_view_fileset</spirit:localName>
        </spirit:fileSetRef>
        <spirit:parameters>
          <spirit:parameter>
            <spirit:name>customizationCRC</spirit:name>
            <spirit:value>a8cfe987</spirit:value>
          </spirit:parameter>
          <spirit:parameter>
            <spirit:name>customizationCRCversion</spirit:name>
            <spirit:value>4</spirit:value>
          </spirit:parameter>
          <spirit:parameter>
            <spirit:name>GENtimestamp</spirit:name>
            <spirit:value>Mon Apr 20 01:52:35 UTC 2015</spirit:value>
          </spirit:parameter>
          <spirit:parameter>
            <spirit:name>StaleAtRelink</spirit:name>
            <spirit:value>false</spirit:value>
          </spirit:parameter>
        </spirit:parameters>
      </spirit:view>
      <spirit:view>
        <spirit:name>xilinx_vhdlsimulationwrapper</spirit:name>
        <spirit:displayName>VHDL Simulation Wrapper</spirit:displayName>
        <spirit:envIdentifier>vhdlSource:vivado.xilinx.com:simulation.wrapper</spirit:envIdentifier>
        <spirit:language>vhdl</spirit:language>
        <spirit:fileSetRef>
          <spirit:localName>xilinx_vhdlsimulationwrapper_view_fileset</spirit:localName>
        </spirit:fileSetRef>
        <spirit:parameters>
          <spirit:parameter>
            <spirit:name>customizationCRC</spirit:name>
            <spirit:value>a8cfe987</spirit:value>
          </spirit:parameter>
          <spirit:parameter>
            <spirit:name>customizationCRCversion</spirit:name>
            <spirit:value>4</spirit:value>
          </spirit:parameter>
          <spirit:parameter>
            <spirit:name>GENtimestamp</spirit:name>
            <spirit:value>Mon Apr 20 01:52:35 UTC 2015</spirit:value>
          </spirit:parameter>
          <spirit:parameter>
            <spirit:name>StaleAtRelink</spirit:name>
            <spirit:value>false</spirit:value>
          </spirit:parameter>
        </spirit:parameters>
      </spirit:view>
      <spirit:view>
        <spirit:name>xilinx_versioninformation</spirit:name>
        <spirit:displayName>Version Information</spirit:displayName>
        <spirit:envIdentifier>:vivado.xilinx.com:docs.versioninfo</spirit:envIdentifier>
        <spirit:fileSetRef>
          <spirit:localName>xilinx_versioninformation_view_fileset</spirit:localName>
        </spirit:fileSetRef>
        <spirit:parameters>
          <spirit:parameter>
            <spirit:name>customizationCRC</spirit:name>
            <spirit:value>0723bbbf</spirit:value>
          </spirit:parameter>
          <spirit:parameter>
            <spirit:name>customizationCRCversion</spirit:name>
            <spirit:value>4</spirit:value>
          </spirit:parameter>
          <spirit:parameter>
            <spirit:name>GENtimestamp</spirit:name>
            <spirit:value>Mon Apr 20 01:52:35 UTC 2015</spirit:value>
          </spirit:parameter>
          <spirit:parameter>
            <spirit:name>StaleAtRelink</spirit:name>
            <spirit:value>false</spirit:value>
          </spirit:parameter>
        </spirit:parameters>
      </spirit:view>
      <spirit:view>
        <spirit:name>xilinx_externalfiles</spirit:name>
        <spirit:displayName>External Files</spirit:displayName>
        <spirit:envIdentifier>:vivado.xilinx.com:external.files</spirit:envIdentifier>
        <spirit:fileSetRef>
          <spirit:localName>xilinx_externalfiles_view_fileset</spirit:localName>
        </spirit:fileSetRef>
        <spirit:parameters>
          <spirit:parameter>
            <spirit:name>customizationCRC</spirit:name>
            <spirit:value>0723bbbf</spirit:value>
          </spirit:parameter>
          <spirit:parameter>
            <spirit:name>customizationCRCversion</spirit:name>
            <spirit:value>4</spirit:value>
          </spirit:parameter>
          <spirit:parameter>
            <spirit:name>GENtimestamp</spirit:name>
            <spirit:value>Thu Jan 01 00:00:00 UTC 1970</spirit:value>
          </spirit:parameter>
          <spirit:parameter>
            <spirit:name>StaleAtRelink</spirit:name>
            <spirit:value>false</spirit:value>
          </spirit:parameter>
        </spirit:parameters>
      </spirit:view>
    </spirit:views>
    <spirit:ports>
      <spirit:port>
        <spirit:name>A</spirit:name>
        <spirit:wire>
          <spirit:direction>in</spirit:direction>
          <spirit:vector>
            <spirit:left spirit:format="long" spirit:resolve="dependent" spirit:dependency="(spirit:decode(id(&apos;MODELPARAM_VALUE.C_A_WIDTH&apos;)) - 1)">31</spirit:left>
            <spirit:right spirit:format="long" spirit:resolve="immediate">0</spirit:right>
          </spirit:vector>
          <spirit:wireTypeDefs>
            <spirit:wireTypeDef>
              <spirit:typeName>std_logic_vector</spirit:typeName>
              <spirit:viewNameRef>xilinx_vhdlsynthesis</spirit:viewNameRef>
              <spirit:viewNameRef>xilinx_vhdlbehavioralsimulation</spirit:viewNameRef>
            </spirit:wireTypeDef>
          </spirit:wireTypeDefs>
          <spirit:driver>
            <spirit:defaultValue spirit:format="long">0</spirit:defaultValue>
          </spirit:driver>
        </spirit:wire>
        <spirit:vendorExtensions>
          <xilinx:portInfo>
            <xilinx:enablement>
              <xilinx:isEnabled>true</xilinx:isEnabled>
            </xilinx:enablement>
          </xilinx:portInfo>
        </spirit:vendorExtensions>
      </spirit:port>
      <spirit:port>
        <spirit:name>B</spirit:name>
        <spirit:wire>
          <spirit:direction>in</spirit:direction>
          <spirit:vector>
            <spirit:left spirit:format="long" spirit:resolve="dependent" spirit:dependency="(spirit:decode(id(&apos;MODELPARAM_VALUE.C_B_WIDTH&apos;)) - 1)">31</spirit:left>
            <spirit:right spirit:format="long" spirit:resolve="immediate">0</spirit:right>
          </spirit:vector>
          <spirit:wireTypeDefs>
            <spirit:wireTypeDef>
              <spirit:typeName>std_logic_vector</spirit:typeName>
              <spirit:viewNameRef>xilinx_vhdlsynthesis</spirit:viewNameRef>
              <spirit:viewNameRef>xilinx_vhdlbehavioralsimulation</spirit:viewNameRef>
            </spirit:wireTypeDef>
          </spirit:wireTypeDefs>
          <spirit:driver>
            <spirit:defaultValue spirit:format="long">0</spirit:defaultValue>
          </spirit:driver>
        </spirit:wire>
        <spirit:vendorExtensions>
          <xilinx:portInfo>
            <xilinx:enablement>
              <xilinx:presence>optional</xilinx:presence>
              <xilinx:isEnabled xilinx:resolve="dependent" xilinx:dependency="((spirit:decode(id(&apos;MODELPARAM_VALUE.C_B_CONSTANT&apos;)) = 0) or ((spirit:decode(id(&apos;MODELPARAM_VALUE.C_B_CONSTANT&apos;)) = 1) and (spirit:decode(id(&apos;MODELPARAM_VALUE.C_HAS_BYPASS&apos;)) = 1)))">true</xilinx:isEnabled>
            </xilinx:enablement>
          </xilinx:portInfo>
        </spirit:vendorExtensions>
      </spirit:port>
      <spirit:port>
        <spirit:name>CLK</spirit:name>
        <spirit:wire>
          <spirit:direction>in</spirit:direction>
          <spirit:wireTypeDefs>
            <spirit:wireTypeDef>
              <spirit:typeName>std_logic</spirit:typeName>
              <spirit:viewNameRef>xilinx_vhdlsynthesis</spirit:viewNameRef>
              <spirit:viewNameRef>xilinx_vhdlbehavioralsimulation</spirit:viewNameRef>
            </spirit:wireTypeDef>
          </spirit:wireTypeDefs>
          <spirit:driver>
            <spirit:defaultValue spirit:format="bitString" spirit:bitStringLength="1">0x0</spirit:defaultValue>
          </spirit:driver>
        </spirit:wire>
        <spirit:vendorExtensions>
          <xilinx:portInfo>
            <xilinx:enablement>
              <xilinx:presence>optional</xilinx:presence>
              <xilinx:isEnabled xilinx:resolve="dependent" xilinx:dependency="((spirit:decode(id(&apos;MODELPARAM_VALUE.C_LATENCY&apos;)) = -1) or (spirit:decode(id(&apos;MODELPARAM_VALUE.C_LATENCY&apos;)) > 0))">true</xilinx:isEnabled>
            </xilinx:enablement>
          </xilinx:portInfo>
        </spirit:vendorExtensions>
      </spirit:port>
      <spirit:port>
        <spirit:name>ADD</spirit:name>
        <spirit:wire>
          <spirit:direction>in</spirit:direction>
          <spirit:wireTypeDefs>
            <spirit:wireTypeDef>
              <spirit:typeName>std_logic</spirit:typeName>
              <spirit:viewNameRef>xilinx_vhdlsynthesis</spirit:viewNameRef>
              <spirit:viewNameRef>xilinx_vhdlbehavioralsimulation</spirit:viewNameRef>
            </spirit:wireTypeDef>
          </spirit:wireTypeDefs>
          <spirit:driver>
            <spirit:defaultValue spirit:format="bitString" spirit:bitStringLength="1">0x1</spirit:defaultValue>
          </spirit:driver>
        </spirit:wire>
        <spirit:vendorExtensions>
          <xilinx:portInfo>
            <xilinx:enablement>
              <xilinx:presence>optional</xilinx:presence>
              <xilinx:isEnabled xilinx:resolve="dependent" xilinx:dependency="(spirit:decode(id(&apos;MODELPARAM_VALUE.C_ADD_MODE&apos;)) = 2)">false</xilinx:isEnabled>
            </xilinx:enablement>
          </xilinx:portInfo>
        </spirit:vendorExtensions>
      </spirit:port>
      <spirit:port>
        <spirit:name>C_IN</spirit:name>
        <spirit:wire>
          <spirit:direction>in</spirit:direction>
          <spirit:wireTypeDefs>
            <spirit:wireTypeDef>
              <spirit:typeName>std_logic</spirit:typeName>
              <spirit:viewNameRef>xilinx_vhdlsynthesis</spirit:viewNameRef>
              <spirit:viewNameRef>xilinx_vhdlbehavioralsimulation</spirit:viewNameRef>
            </spirit:wireTypeDef>
          </spirit:wireTypeDefs>
          <spirit:driver>
            <spirit:defaultValue spirit:format="bitString" spirit:bitStringLength="1">0x0</spirit:defaultValue>
          </spirit:driver>
        </spirit:wire>
        <spirit:vendorExtensions>
          <xilinx:portInfo>
            <xilinx:enablement>
              <xilinx:presence>optional</xilinx:presence>
              <xilinx:isEnabled xilinx:resolve="dependent" xilinx:dependency="(spirit:decode(id(&apos;MODELPARAM_VALUE.C_HAS_C_IN&apos;)) = 1)">false</xilinx:isEnabled>
            </xilinx:enablement>
          </xilinx:portInfo>
        </spirit:vendorExtensions>
      </spirit:port>
      <spirit:port>
        <spirit:name>CE</spirit:name>
        <spirit:wire>
          <spirit:direction>in</spirit:direction>
          <spirit:wireTypeDefs>
            <spirit:wireTypeDef>
              <spirit:typeName>std_logic</spirit:typeName>
              <spirit:viewNameRef>xilinx_vhdlsynthesis</spirit:viewNameRef>
              <spirit:viewNameRef>xilinx_vhdlbehavioralsimulation</spirit:viewNameRef>
            </spirit:wireTypeDef>
          </spirit:wireTypeDefs>
          <spirit:driver>
            <spirit:defaultValue spirit:format="bitString" spirit:bitStringLength="1">0x1</spirit:defaultValue>
          </spirit:driver>
        </spirit:wire>
        <spirit:vendorExtensions>
          <xilinx:portInfo>
            <xilinx:enablement>
              <xilinx:presence>optional</xilinx:presence>
              <xilinx:isEnabled xilinx:resolve="dependent" xilinx:dependency="(spirit:decode(id(&apos;MODELPARAM_VALUE.C_HAS_CE&apos;)) = 1)">false</xilinx:isEnabled>
            </xilinx:enablement>
          </xilinx:portInfo>
        </spirit:vendorExtensions>
      </spirit:port>
      <spirit:port>
        <spirit:name>BYPASS</spirit:name>
        <spirit:wire>
          <spirit:direction>in</spirit:direction>
          <spirit:wireTypeDefs>
            <spirit:wireTypeDef>
              <spirit:typeName>std_logic</spirit:typeName>
              <spirit:viewNameRef>xilinx_vhdlsynthesis</spirit:viewNameRef>
              <spirit:viewNameRef>xilinx_vhdlbehavioralsimulation</spirit:viewNameRef>
            </spirit:wireTypeDef>
          </spirit:wireTypeDefs>
          <spirit:driver>
            <spirit:defaultValue spirit:format="bitString" spirit:bitStringLength="1">0x0</spirit:defaultValue>
          </spirit:driver>
        </spirit:wire>
        <spirit:vendorExtensions>
          <xilinx:portInfo>
            <xilinx:enablement>
              <xilinx:presence>optional</xilinx:presence>
              <xilinx:isEnabled xilinx:resolve="dependent" xilinx:dependency="(spirit:decode(id(&apos;MODELPARAM_VALUE.C_HAS_BYPASS&apos;)) = 1)">false</xilinx:isEnabled>
            </xilinx:enablement>
          </xilinx:portInfo>
        </spirit:vendorExtensions>
      </spirit:port>
      <spirit:port>
        <spirit:name>SCLR</spirit:name>
        <spirit:wire>
          <spirit:direction>in</spirit:direction>
          <spirit:wireTypeDefs>
            <spirit:wireTypeDef>
              <spirit:typeName>std_logic</spirit:typeName>
              <spirit:viewNameRef>xilinx_vhdlsynthesis</spirit:viewNameRef>
              <spirit:viewNameRef>xilinx_vhdlbehavioralsimulation</spirit:viewNameRef>
            </spirit:wireTypeDef>
          </spirit:wireTypeDefs>
          <spirit:driver>
            <spirit:defaultValue spirit:format="bitString" spirit:bitStringLength="1">0x0</spirit:defaultValue>
          </spirit:driver>
        </spirit:wire>
        <spirit:vendorExtensions>
          <xilinx:portInfo>
            <xilinx:enablement>
              <xilinx:presence>optional</xilinx:presence>
              <xilinx:isEnabled xilinx:resolve="dependent" xilinx:dependency="(spirit:decode(id(&apos;MODELPARAM_VALUE.C_HAS_SCLR&apos;)) = 1)">false</xilinx:isEnabled>
            </xilinx:enablement>
          </xilinx:portInfo>
        </spirit:vendorExtensions>
      </spirit:port>
      <spirit:port>
        <spirit:name>SSET</spirit:name>
        <spirit:wire>
          <spirit:direction>in</spirit:direction>
          <spirit:wireTypeDefs>
            <spirit:wireTypeDef>
              <spirit:typeName>std_logic</spirit:typeName>
              <spirit:viewNameRef>xilinx_vhdlsynthesis</spirit:viewNameRef>
              <spirit:viewNameRef>xilinx_vhdlbehavioralsimulation</spirit:viewNameRef>
            </spirit:wireTypeDef>
          </spirit:wireTypeDefs>
          <spirit:driver>
            <spirit:defaultValue spirit:format="bitString" spirit:bitStringLength="1">0x0</spirit:defaultValue>
          </spirit:driver>
        </spirit:wire>
        <spirit:vendorExtensions>
          <xilinx:portInfo>
            <xilinx:enablement>
              <xilinx:presence>optional</xilinx:presence>
              <xilinx:isEnabled xilinx:resolve="dependent" xilinx:dependency="((spirit:decode(id(&apos;MODELPARAM_VALUE.C_HAS_SSET&apos;)) = 1) and (spirit:decode(id(&apos;MODELPARAM_VALUE.C_IMPLEMENTATION&apos;)) = 0))">false</xilinx:isEnabled>
            </xilinx:enablement>
          </xilinx:portInfo>
        </spirit:vendorExtensions>
      </spirit:port>
      <spirit:port>
        <spirit:name>SINIT</spirit:name>
        <spirit:wire>
          <spirit:direction>in</spirit:direction>
          <spirit:wireTypeDefs>
            <spirit:wireTypeDef>
              <spirit:typeName>std_logic</spirit:typeName>
              <spirit:viewNameRef>xilinx_vhdlsynthesis</spirit:viewNameRef>
              <spirit:viewNameRef>xilinx_vhdlbehavioralsimulation</spirit:viewNameRef>
            </spirit:wireTypeDef>
          </spirit:wireTypeDefs>
          <spirit:driver>
            <spirit:defaultValue spirit:format="bitString" spirit:bitStringLength="1">0x0</spirit:defaultValue>
          </spirit:driver>
        </spirit:wire>
        <spirit:vendorExtensions>
          <xilinx:portInfo>
            <xilinx:enablement>
              <xilinx:presence>optional</xilinx:presence>
              <xilinx:isEnabled xilinx:resolve="dependent" xilinx:dependency="((spirit:decode(id(&apos;MODELPARAM_VALUE.C_HAS_SINIT&apos;)) = 1) and (spirit:decode(id(&apos;MODELPARAM_VALUE.C_IMPLEMENTATION&apos;)) = 0))">false</xilinx:isEnabled>
            </xilinx:enablement>
          </xilinx:portInfo>
        </spirit:vendorExtensions>
      </spirit:port>
      <spirit:port>
        <spirit:name>C_OUT</spirit:name>
        <spirit:wire>
          <spirit:direction>out</spirit:direction>
          <spirit:wireTypeDefs>
            <spirit:wireTypeDef>
              <spirit:typeName>std_logic</spirit:typeName>
              <spirit:viewNameRef>xilinx_vhdlsynthesis</spirit:viewNameRef>
              <spirit:viewNameRef>xilinx_vhdlbehavioralsimulation</spirit:viewNameRef>
            </spirit:wireTypeDef>
          </spirit:wireTypeDefs>
          <spirit:driver>
            <spirit:defaultValue spirit:format="bitString" spirit:bitStringLength="1">0x0</spirit:defaultValue>
          </spirit:driver>
        </spirit:wire>
        <spirit:vendorExtensions>
          <xilinx:portInfo>
            <xilinx:enablement>
              <xilinx:presence>optional</xilinx:presence>
              <xilinx:isEnabled xilinx:resolve="dependent" xilinx:dependency="(spirit:decode(id(&apos;MODELPARAM_VALUE.C_HAS_C_OUT&apos;)) = 1)">false</xilinx:isEnabled>
            </xilinx:enablement>
          </xilinx:portInfo>
        </spirit:vendorExtensions>
      </spirit:port>
      <spirit:port>
        <spirit:name>S</spirit:name>
        <spirit:wire>
          <spirit:direction>out</spirit:direction>
          <spirit:vector>
            <spirit:left spirit:format="long" spirit:resolve="dependent" spirit:dependency="(spirit:decode(id(&apos;MODELPARAM_VALUE.C_OUT_WIDTH&apos;)) - 1)">32</spirit:left>
            <spirit:right spirit:format="long" spirit:resolve="immediate">0</spirit:right>
          </spirit:vector>
          <spirit:wireTypeDefs>
            <spirit:wireTypeDef>
              <spirit:typeName>std_logic_vector</spirit:typeName>
              <spirit:viewNameRef>xilinx_vhdlsynthesis</spirit:viewNameRef>
              <spirit:viewNameRef>xilinx_vhdlbehavioralsimulation</spirit:viewNameRef>
            </spirit:wireTypeDef>
          </spirit:wireTypeDefs>
          <spirit:driver>
            <spirit:defaultValue spirit:format="long">0</spirit:defaultValue>
          </spirit:driver>
        </spirit:wire>
        <spirit:vendorExtensions>
          <xilinx:portInfo>
            <xilinx:enablement>
              <xilinx:isEnabled>true</xilinx:isEnabled>
            </xilinx:enablement>
          </xilinx:portInfo>
        </spirit:vendorExtensions>
      </spirit:port>
    </spirit:ports>
    <spirit:modelParameters>
      <spirit:modelParameter xsi:type="spirit:nameValueTypeType" spirit:dataType="integer">
        <spirit:name>C_VERBOSITY</spirit:name>
        <spirit:value spirit:format="long" spirit:resolve="generated" spirit:id="MODELPARAM_VALUE.C_VERBOSITY">0</spirit:value>
      </spirit:modelParameter>
      <spirit:modelParameter spirit:dataType="string">
        <spirit:name>C_XDEVICEFAMILY</spirit:name>
        <spirit:value spirit:format="string" spirit:resolve="generated" spirit:id="MODELPARAM_VALUE.C_XDEVICEFAMILY">artix7</spirit:value>
      </spirit:modelParameter>
      <spirit:modelParameter spirit:dataType="integer">
        <spirit:name>C_IMPLEMENTATION</spirit:name>
        <spirit:value spirit:format="long" spirit:resolve="generated" spirit:id="MODELPARAM_VALUE.C_IMPLEMENTATION">1</spirit:value>
      </spirit:modelParameter>
      <spirit:modelParameter spirit:dataType="integer">
        <spirit:name>C_A_WIDTH</spirit:name>
        <spirit:value spirit:format="long" spirit:resolve="generated" spirit:id="MODELPARAM_VALUE.C_A_WIDTH">32</spirit:value>
      </spirit:modelParameter>
      <spirit:modelParameter spirit:dataType="integer">
        <spirit:name>C_B_WIDTH</spirit:name>
        <spirit:value spirit:format="long" spirit:resolve="generated" spirit:id="MODELPARAM_VALUE.C_B_WIDTH">32</spirit:value>
      </spirit:modelParameter>
      <spirit:modelParameter spirit:dataType="integer">
        <spirit:name>C_OUT_WIDTH</spirit:name>
        <spirit:value spirit:format="long" spirit:resolve="generated" spirit:id="MODELPARAM_VALUE.C_OUT_WIDTH">33</spirit:value>
      </spirit:modelParameter>
      <spirit:modelParameter spirit:dataType="integer">
        <spirit:name>C_CE_OVERRIDES_SCLR</spirit:name>
        <spirit:value spirit:format="long" spirit:resolve="generated" spirit:id="MODELPARAM_VALUE.C_CE_OVERRIDES_SCLR">0</spirit:value>
      </spirit:modelParameter>
      <spirit:modelParameter spirit:dataType="integer">
        <spirit:name>C_A_TYPE</spirit:name>
        <spirit:value spirit:format="long" spirit:resolve="generated" spirit:id="MODELPARAM_VALUE.C_A_TYPE">0</spirit:value>
      </spirit:modelParameter>
      <spirit:modelParameter spirit:dataType="integer">
        <spirit:name>C_B_TYPE</spirit:name>
        <spirit:value spirit:format="long" spirit:resolve="generated" spirit:id="MODELPARAM_VALUE.C_B_TYPE">0</spirit:value>
      </spirit:modelParameter>
      <spirit:modelParameter spirit:dataType="integer">
        <spirit:name>C_LATENCY</spirit:name>
        <spirit:value spirit:format="long" spirit:resolve="generated" spirit:id="MODELPARAM_VALUE.C_LATENCY">1</spirit:value>
      </spirit:modelParameter>
      <spirit:modelParameter spirit:dataType="integer">
        <spirit:name>C_ADD_MODE</spirit:name>
        <spirit:value spirit:format="long" spirit:resolve="generated" spirit:id="MODELPARAM_VALUE.C_ADD_MODE">0</spirit:value>
      </spirit:modelParameter>
      <spirit:modelParameter spirit:dataType="integer">
        <spirit:name>C_B_CONSTANT</spirit:name>
        <spirit:value spirit:format="long" spirit:resolve="generated" spirit:id="MODELPARAM_VALUE.C_B_CONSTANT">0</spirit:value>
      </spirit:modelParameter>
      <spirit:modelParameter spirit:dataType="string">
        <spirit:name>C_B_VALUE</spirit:name>
        <spirit:value spirit:format="string" spirit:resolve="generated" spirit:id="MODELPARAM_VALUE.C_B_VALUE">00000000000000000000000000000000</spirit:value>
      </spirit:modelParameter>
      <spirit:modelParameter spirit:dataType="string">
        <spirit:name>C_AINIT_VAL</spirit:name>
        <spirit:value spirit:format="string" spirit:resolve="generated" spirit:id="MODELPARAM_VALUE.C_AINIT_VAL">0</spirit:value>
      </spirit:modelParameter>
      <spirit:modelParameter spirit:dataType="string">
        <spirit:name>C_SINIT_VAL</spirit:name>
        <spirit:value spirit:format="string" spirit:resolve="generated" spirit:id="MODELPARAM_VALUE.C_SINIT_VAL">0</spirit:value>
      </spirit:modelParameter>
      <spirit:modelParameter spirit:dataType="integer">
        <spirit:name>C_CE_OVERRIDES_BYPASS</spirit:name>
        <spirit:value spirit:format="long" spirit:resolve="generated" spirit:id="MODELPARAM_VALUE.C_CE_OVERRIDES_BYPASS">1</spirit:value>
      </spirit:modelParameter>
      <spirit:modelParameter spirit:dataType="integer">
        <spirit:name>C_BYPASS_LOW</spirit:name>
        <spirit:value spirit:format="long" spirit:resolve="generated" spirit:id="MODELPARAM_VALUE.C_BYPASS_LOW">0</spirit:value>
      </spirit:modelParameter>
      <spirit:modelParameter spirit:dataType="integer">
        <spirit:name>C_SCLR_OVERRIDES_SSET</spirit:name>
        <spirit:value spirit:format="long" spirit:resolve="generated" spirit:id="MODELPARAM_VALUE.C_SCLR_OVERRIDES_SSET">1</spirit:value>
      </spirit:modelParameter>
      <spirit:modelParameter spirit:dataType="integer">
        <spirit:name>C_HAS_C_IN</spirit:name>
        <spirit:value spirit:format="long" spirit:resolve="generated" spirit:id="MODELPARAM_VALUE.C_HAS_C_IN">0</spirit:value>
      </spirit:modelParameter>
      <spirit:modelParameter spirit:dataType="integer">
        <spirit:name>C_HAS_C_OUT</spirit:name>
        <spirit:value spirit:format="long" spirit:resolve="generated" spirit:id="MODELPARAM_VALUE.C_HAS_C_OUT">0</spirit:value>
      </spirit:modelParameter>
      <spirit:modelParameter spirit:dataType="integer">
        <spirit:name>C_BORROW_LOW</spirit:name>
        <spirit:value spirit:format="long" spirit:resolve="generated" spirit:id="MODELPARAM_VALUE.C_BORROW_LOW">1</spirit:value>
      </spirit:modelParameter>
      <spirit:modelParameter spirit:dataType="integer">
        <spirit:name>C_HAS_CE</spirit:name>
        <spirit:value spirit:format="long" spirit:resolve="generated" spirit:id="MODELPARAM_VALUE.C_HAS_CE">0</spirit:value>
      </spirit:modelParameter>
      <spirit:modelParameter spirit:dataType="integer">
        <spirit:name>C_HAS_BYPASS</spirit:name>
        <spirit:value spirit:format="long" spirit:resolve="generated" spirit:id="MODELPARAM_VALUE.C_HAS_BYPASS">0</spirit:value>
      </spirit:modelParameter>
      <spirit:modelParameter spirit:dataType="integer">
        <spirit:name>C_HAS_SCLR</spirit:name>
        <spirit:value spirit:format="long" spirit:resolve="generated" spirit:id="MODELPARAM_VALUE.C_HAS_SCLR">0</spirit:value>
      </spirit:modelParameter>
      <spirit:modelParameter spirit:dataType="integer">
        <spirit:name>C_HAS_SSET</spirit:name>
        <spirit:value spirit:format="long" spirit:resolve="generated" spirit:id="MODELPARAM_VALUE.C_HAS_SSET">0</spirit:value>
      </spirit:modelParameter>
      <spirit:modelParameter spirit:dataType="integer">
        <spirit:name>C_HAS_SINIT</spirit:name>
        <spirit:value spirit:format="long" spirit:resolve="generated" spirit:id="MODELPARAM_VALUE.C_HAS_SINIT">0</spirit:value>
      </spirit:modelParameter>
    </spirit:modelParameters>
  </spirit:model>
  <spirit:choices>
    <spirit:choice>
      <spirit:name>choices_0</spirit:name>
      <spirit:enumeration spirit:text="Fabric">Fabric</spirit:enumeration>
      <spirit:enumeration spirit:text="DSP48">DSP48</spirit:enumeration>
    </spirit:choice>
    <spirit:choice>
      <spirit:name>choices_1</spirit:name>
      <spirit:enumeration spirit:text="Signed">Signed</spirit:enumeration>
      <spirit:enumeration spirit:text="Unsigned">Unsigned</spirit:enumeration>
    </spirit:choice>
    <spirit:choice>
      <spirit:name>choices_2</spirit:name>
      <spirit:enumeration spirit:text="Signed">Signed</spirit:enumeration>
      <spirit:enumeration spirit:text="Unsigned">Unsigned</spirit:enumeration>
    </spirit:choice>
    <spirit:choice>
      <spirit:name>choices_3</spirit:name>
      <spirit:enumeration spirit:text="Add">Add</spirit:enumeration>
      <spirit:enumeration spirit:text="Subtract">Subtract</spirit:enumeration>
      <spirit:enumeration spirit:text="Add Subtract">Add_Subtract</spirit:enumeration>
    </spirit:choice>
    <spirit:choice>
      <spirit:name>choices_4</spirit:name>
      <spirit:enumeration spirit:text="Automatic">Automatic</spirit:enumeration>
      <spirit:enumeration spirit:text="Manual">Manual</spirit:enumeration>
    </spirit:choice>
    <spirit:choice>
      <spirit:name>choices_5</spirit:name>
      <spirit:enumeration spirit:text="Active High">Active_High</spirit:enumeration>
      <spirit:enumeration spirit:text="Active Low">Active_Low</spirit:enumeration>
    </spirit:choice>
    <spirit:choice>
      <spirit:name>choices_6</spirit:name>
      <spirit:enumeration spirit:text="Active High">Active_High</spirit:enumeration>
      <spirit:enumeration spirit:text="Active Low">Active_Low</spirit:enumeration>
    </spirit:choice>
    <spirit:choice>
      <spirit:name>choices_7</spirit:name>
      <spirit:enumeration spirit:text="Reset Overrides Set">Reset_Overrides_Set</spirit:enumeration>
      <spirit:enumeration spirit:text="Set Overrides Reset">Set_Overrides_Reset</spirit:enumeration>
    </spirit:choice>
    <spirit:choice>
      <spirit:name>choices_8</spirit:name>
      <spirit:enumeration spirit:text="CE Overrides Sync">CE_Overrides_Sync</spirit:enumeration>
      <spirit:enumeration spirit:text="Sync Overrides CE">Sync_Overrides_CE</spirit:enumeration>
    </spirit:choice>
    <spirit:choice>
      <spirit:name>choices_9</spirit:name>
      <spirit:enumeration spirit:text="CE Overrides Bypass">CE_Overrides_Bypass</spirit:enumeration>
      <spirit:enumeration spirit:text="Bypass Overrides CE">Bypass_Overrides_CE</spirit:enumeration>
    </spirit:choice>
  </spirit:choices>
  <spirit:fileSets>
    <spirit:fileSet>
      <spirit:name>xilinx_vhdlinstantiationtemplate_view_fileset</spirit:name>
      <spirit:file>
        <spirit:name>c_addsub_0.vho</spirit:name>
        <spirit:userFileType>vhdlTemplate</spirit:userFileType>
      </spirit:file>
    </spirit:fileSet>
    <spirit:fileSet>
      <spirit:name>xilinx_vhdlsynthesis_view_fileset</spirit:name>
      <spirit:file>
        <spirit:name>c_addsub_v12_0/hdl/c_addsub_v12_0_vh_rfs.vhd</spirit:name>
        <spirit:fileType>vhdlSource</spirit:fileType>
        <spirit:logicalName>c_addsub_v12_0</spirit:logicalName>
      </spirit:file>
      <spirit:file>
        <spirit:name>c_addsub_v12_0/hdl/c_addsub_v12_0.vhd</spirit:name>
        <spirit:fileType>vhdlSource</spirit:fileType>
        <spirit:logicalName>c_addsub_v12_0</spirit:logicalName>
      </spirit:file>
    </spirit:fileSet>
    <spirit:fileSet>
      <spirit:name>xilinx_vhdlsynthesis_xilinx_com_ip_xbip_utils_3_0__ref_view_fileset</spirit:name>
      <spirit:file>
        <spirit:name>xbip_utils_v3_0/hdl/xbip_utils_v3_0_vh_rfs.vhd</spirit:name>
        <spirit:fileType>vhdlSource</spirit:fileType>
        <spirit:logicalName>xbip_utils_v3_0</spirit:logicalName>
      </spirit:file>
      <spirit:vendorExtensions>
        <xilinx:subCoreRef>
          <xilinx:componentRef xilinx:vendor="xilinx.com" xilinx:library="ip" xilinx:name="xbip_utils" xilinx:version="3.0" xilinx:isGenerated="true" xilinx:checksum="23aac3f0">
            <xilinx:mode xilinx:name="copy_mode"/>
          </xilinx:componentRef>
        </xilinx:subCoreRef>
      </spirit:vendorExtensions>
    </spirit:fileSet>
    <spirit:fileSet>
      <spirit:name>xilinx_vhdlsynthesis_xilinx_com_ip_c_reg_fd_12_0__ref_view_fileset</spirit:name>
      <spirit:file>
        <spirit:name>c_reg_fd_v12_0/hdl/c_reg_fd_v12_0_vh_rfs.vhd</spirit:name>
        <spirit:fileType>vhdlSource</spirit:fileType>
        <spirit:logicalName>c_reg_fd_v12_0</spirit:logicalName>
      </spirit:file>
      <spirit:file>
        <spirit:name>c_reg_fd_v12_0/hdl/c_reg_fd_v12_0.vhd</spirit:name>
        <spirit:fileType>vhdlSource</spirit:fileType>
        <spirit:logicalName>c_reg_fd_v12_0</spirit:logicalName>
      </spirit:file>
      <spirit:vendorExtensions>
        <xilinx:subCoreRef>
          <xilinx:componentRef xilinx:vendor="xilinx.com" xilinx:library="ip" xilinx:name="c_reg_fd" xilinx:version="12.0" xilinx:isGenerated="true" xilinx:checksum="9131fab0">
            <xilinx:mode xilinx:name="copy_mode"/>
          </xilinx:componentRef>
        </xilinx:subCoreRef>
      </spirit:vendorExtensions>
    </spirit:fileSet>
    <spirit:fileSet>
      <spirit:name>xilinx_vhdlsynthesis_xilinx_com_ip_xbip_dsp48_wrapper_3_0__ref_view_fileset</spirit:name>
      <spirit:file>
        <spirit:name>xbip_dsp48_wrapper_v3_0/hdl/xbip_dsp48_wrapper_v3_0_vh_rfs.vhd</spirit:name>
        <spirit:fileType>vhdlSource</spirit:fileType>
        <spirit:logicalName>xbip_dsp48_wrapper_v3_0</spirit:logicalName>
      </spirit:file>
      <spirit:vendorExtensions>
        <xilinx:subCoreRef>
          <xilinx:componentRef xilinx:vendor="xilinx.com" xilinx:library="ip" xilinx:name="xbip_dsp48_wrapper" xilinx:version="3.0" xilinx:isGenerated="true" xilinx:checksum="11ea6213">
            <xilinx:mode xilinx:name="copy_mode"/>
          </xilinx:componentRef>
        </xilinx:subCoreRef>
      </spirit:vendorExtensions>
    </spirit:fileSet>
    <spirit:fileSet>
      <spirit:name>xilinx_vhdlsynthesis_xilinx_com_ip_xbip_pipe_3_0__ref_view_fileset</spirit:name>
      <spirit:file>
        <spirit:name>xbip_pipe_v3_0/hdl/xbip_pipe_v3_0_vh_rfs.vhd</spirit:name>
        <spirit:fileType>vhdlSource</spirit:fileType>
        <spirit:logicalName>xbip_pipe_v3_0</spirit:logicalName>
      </spirit:file>
      <spirit:file>
        <spirit:name>xbip_pipe_v3_0/hdl/xbip_pipe_v3_0.vhd</spirit:name>
        <spirit:fileType>vhdlSource</spirit:fileType>
        <spirit:logicalName>xbip_pipe_v3_0</spirit:logicalName>
      </spirit:file>
      <spirit:vendorExtensions>
        <xilinx:subCoreRef>
          <xilinx:componentRef xilinx:vendor="xilinx.com" xilinx:library="ip" xilinx:name="xbip_pipe" xilinx:version="3.0" xilinx:isGenerated="true" xilinx:checksum="c9fa653c">
            <xilinx:mode xilinx:name="copy_mode"/>
          </xilinx:componentRef>
        </xilinx:subCoreRef>
      </spirit:vendorExtensions>
    </spirit:fileSet>
    <spirit:fileSet>
      <spirit:name>xilinx_vhdlsynthesis_xilinx_com_ip_xbip_dsp48_addsub_3_0__ref_view_fileset</spirit:name>
      <spirit:file>
        <spirit:name>xbip_dsp48_addsub_v3_0/hdl/xbip_dsp48_addsub_v3_0_vh_rfs.vhd</spirit:name>
        <spirit:fileType>vhdlSource</spirit:fileType>
        <spirit:logicalName>xbip_dsp48_addsub_v3_0</spirit:logicalName>
      </spirit:file>
      <spirit:file>
        <spirit:name>xbip_dsp48_addsub_v3_0/hdl/xbip_dsp48_addsub_v3_0.vhd</spirit:name>
        <spirit:fileType>vhdlSource</spirit:fileType>
        <spirit:logicalName>xbip_dsp48_addsub_v3_0</spirit:logicalName>
      </spirit:file>
      <spirit:vendorExtensions>
        <xilinx:subCoreRef>
          <xilinx:componentRef xilinx:vendor="xilinx.com" xilinx:library="ip" xilinx:name="xbip_dsp48_addsub" xilinx:version="3.0" xilinx:isGenerated="true" xilinx:checksum="c3674d79">
            <xilinx:mode xilinx:name="copy_mode"/>
          </xilinx:componentRef>
        </xilinx:subCoreRef>
      </spirit:vendorExtensions>
    </spirit:fileSet>
    <spirit:fileSet>
      <spirit:name>xilinx_vhdlsynthesis_xilinx_com_ip_xbip_addsub_3_0__ref_view_fileset</spirit:name>
      <spirit:file>
        <spirit:name>xbip_addsub_v3_0/hdl/xbip_addsub_v3_0_vh_rfs.vhd</spirit:name>
        <spirit:fileType>vhdlSource</spirit:fileType>
        <spirit:logicalName>xbip_addsub_v3_0</spirit:logicalName>
      </spirit:file>
      <spirit:file>
        <spirit:name>xbip_addsub_v3_0/hdl/xbip_addsub_v3_0.vhd</spirit:name>
        <spirit:fileType>vhdlSource</spirit:fileType>
        <spirit:logicalName>xbip_addsub_v3_0</spirit:logicalName>
      </spirit:file>
      <spirit:vendorExtensions>
        <xilinx:subCoreRef>
          <xilinx:componentRef xilinx:vendor="xilinx.com" xilinx:library="ip" xilinx:name="xbip_addsub" xilinx:version="3.0" xilinx:isGenerated="true" xilinx:checksum="a1a254c4">
            <xilinx:mode xilinx:name="copy_mode"/>
          </xilinx:componentRef>
        </xilinx:subCoreRef>
      </spirit:vendorExtensions>
    </spirit:fileSet>
    <spirit:fileSet>
      <spirit:name>xilinx_synthesisconstraints_view_fileset</spirit:name>
      <spirit:file>
        <spirit:name>c_addsub_0_ooc.xdc</spirit:name>
        <spirit:userFileType>xdc</spirit:userFileType>
        <spirit:userFileType>USED_IN_synthesis</spirit:userFileType>
        <spirit:userFileType>USED_IN_implementation</spirit:userFileType>
        <spirit:userFileType>USED_IN_out_of_context</spirit:userFileType>
      </spirit:file>
    </spirit:fileSet>
    <spirit:fileSet>
      <spirit:name>xilinx_vhdlsynthesiswrapper_view_fileset</spirit:name>
      <spirit:file>
        <spirit:name>synth/c_addsub_0.vhd</spirit:name>
        <spirit:fileType>vhdlSource</spirit:fileType>
        <spirit:logicalName>xil_defaultlib</spirit:logicalName>
      </spirit:file>
    </spirit:fileSet>
    <spirit:fileSet>
      <spirit:name>xilinx_vhdlbehavioralsimulation_view_fileset</spirit:name>
      <spirit:file>
        <spirit:name>c_addsub_v12_0/hdl/c_addsub_v12_0_vh_rfs.vhd</spirit:name>
        <spirit:fileType>vhdlSource</spirit:fileType>
        <spirit:logicalName>c_addsub_v12_0</spirit:logicalName>
      </spirit:file>
      <spirit:file>
        <spirit:name>c_addsub_v12_0/hdl/c_addsub_v12_0.vhd</spirit:name>
        <spirit:fileType>vhdlSource</spirit:fileType>
        <spirit:logicalName>c_addsub_v12_0</spirit:logicalName>
      </spirit:file>
    </spirit:fileSet>
    <spirit:fileSet>
      <spirit:name>xilinx_vhdlbehavioralsimulation_xilinx_com_ip_xbip_utils_3_0__ref_view_fileset</spirit:name>
      <spirit:file>
        <spirit:name>xbip_utils_v3_0/hdl/xbip_utils_v3_0_vh_rfs.vhd</spirit:name>
        <spirit:fileType>vhdlSource</spirit:fileType>
        <spirit:logicalName>xbip_utils_v3_0</spirit:logicalName>
      </spirit:file>
      <spirit:vendorExtensions>
        <xilinx:subCoreRef>
          <xilinx:componentRef xilinx:vendor="xilinx.com" xilinx:library="ip" xilinx:name="xbip_utils" xilinx:version="3.0" xilinx:isGenerated="true" xilinx:checksum="23aac3f0">
            <xilinx:mode xilinx:name="copy_mode"/>
          </xilinx:componentRef>
        </xilinx:subCoreRef>
      </spirit:vendorExtensions>
    </spirit:fileSet>
    <spirit:fileSet>
      <spirit:name>xilinx_vhdlbehavioralsimulation_xilinx_com_ip_c_reg_fd_12_0__ref_view_fileset</spirit:name>
      <spirit:file>
        <spirit:name>c_reg_fd_v12_0/hdl/c_reg_fd_v12_0_vh_rfs.vhd</spirit:name>
        <spirit:fileType>vhdlSource</spirit:fileType>
        <spirit:logicalName>c_reg_fd_v12_0</spirit:logicalName>
      </spirit:file>
      <spirit:file>
        <spirit:name>c_reg_fd_v12_0/hdl/c_reg_fd_v12_0.vhd</spirit:name>
        <spirit:fileType>vhdlSource</spirit:fileType>
        <spirit:logicalName>c_reg_fd_v12_0</spirit:logicalName>
      </spirit:file>
      <spirit:vendorExtensions>
        <xilinx:subCoreRef>
          <xilinx:componentRef xilinx:vendor="xilinx.com" xilinx:library="ip" xilinx:name="c_reg_fd" xilinx:version="12.0" xilinx:isGenerated="true" xilinx:checksum="9131fab0">
            <xilinx:mode xilinx:name="copy_mode"/>
          </xilinx:componentRef>
        </xilinx:subCoreRef>
      </spirit:vendorExtensions>
    </spirit:fileSet>
    <spirit:fileSet>
      <spirit:name>xilinx_vhdlbehavioralsimulation_xilinx_com_ip_xbip_dsp48_wrapper_3_0__ref_view_fileset</spirit:name>
      <spirit:file>
        <spirit:name>xbip_dsp48_wrapper_v3_0/hdl/xbip_dsp48_wrapper_v3_0_vh_rfs.vhd</spirit:name>
        <spirit:fileType>vhdlSource</spirit:fileType>
        <spirit:logicalName>xbip_dsp48_wrapper_v3_0</spirit:logicalName>
      </spirit:file>
      <spirit:vendorExtensions>
        <xilinx:subCoreRef>
          <xilinx:componentRef xilinx:vendor="xilinx.com" xilinx:library="ip" xilinx:name="xbip_dsp48_wrapper" xilinx:version="3.0" xilinx:isGenerated="true" xilinx:checksum="11ea6213">
            <xilinx:mode xilinx:name="copy_mode"/>
          </xilinx:componentRef>
        </xilinx:subCoreRef>
      </spirit:vendorExtensions>
    </spirit:fileSet>
    <spirit:fileSet>
      <spirit:name>xilinx_vhdlbehavioralsimulation_xilinx_com_ip_xbip_pipe_3_0__ref_view_fileset</spirit:name>
      <spirit:file>
        <spirit:name>xbip_pipe_v3_0/hdl/xbip_pipe_v3_0_vh_rfs.vhd</spirit:name>
        <spirit:fileType>vhdlSource</spirit:fileType>
        <spirit:logicalName>xbip_pipe_v3_0</spirit:logicalName>
      </spirit:file>
      <spirit:file>
        <spirit:name>xbip_pipe_v3_0/hdl/xbip_pipe_v3_0.vhd</spirit:name>
        <spirit:fileType>vhdlSource</spirit:fileType>
        <spirit:logicalName>xbip_pipe_v3_0</spirit:logicalName>
      </spirit:file>
      <spirit:vendorExtensions>
        <xilinx:subCoreRef>
          <xilinx:componentRef xilinx:vendor="xilinx.com" xilinx:library="ip" xilinx:name="xbip_pipe" xilinx:version="3.0" xilinx:isGenerated="true" xilinx:checksum="c9fa653c">
            <xilinx:mode xilinx:name="copy_mode"/>
          </xilinx:componentRef>
        </xilinx:subCoreRef>
      </spirit:vendorExtensions>
    </spirit:fileSet>
    <spirit:fileSet>
      <spirit:name>xilinx_vhdlbehavioralsimulation_xilinx_com_ip_xbip_dsp48_addsub_3_0__ref_view_fileset</spirit:name>
      <spirit:file>
        <spirit:name>xbip_dsp48_addsub_v3_0/hdl/xbip_dsp48_addsub_v3_0_vh_rfs.vhd</spirit:name>
        <spirit:fileType>vhdlSource</spirit:fileType>
        <spirit:logicalName>xbip_dsp48_addsub_v3_0</spirit:logicalName>
      </spirit:file>
      <spirit:file>
        <spirit:name>xbip_dsp48_addsub_v3_0/hdl/xbip_dsp48_addsub_v3_0.vhd</spirit:name>
        <spirit:fileType>vhdlSource</spirit:fileType>
        <spirit:logicalName>xbip_dsp48_addsub_v3_0</spirit:logicalName>
      </spirit:file>
      <spirit:vendorExtensions>
        <xilinx:subCoreRef>
          <xilinx:componentRef xilinx:vendor="xilinx.com" xilinx:library="ip" xilinx:name="xbip_dsp48_addsub" xilinx:version="3.0" xilinx:isGenerated="true" xilinx:checksum="c3674d79">
            <xilinx:mode xilinx:name="copy_mode"/>
          </xilinx:componentRef>
        </xilinx:subCoreRef>
      </spirit:vendorExtensions>
    </spirit:fileSet>
    <spirit:fileSet>
      <spirit:name>xilinx_vhdlbehavioralsimulation_xilinx_com_ip_xbip_addsub_3_0__ref_view_fileset</spirit:name>
      <spirit:file>
        <spirit:name>xbip_addsub_v3_0/hdl/xbip_addsub_v3_0_vh_rfs.vhd</spirit:name>
        <spirit:fileType>vhdlSource</spirit:fileType>
        <spirit:logicalName>xbip_addsub_v3_0</spirit:logicalName>
      </spirit:file>
      <spirit:file>
        <spirit:name>xbip_addsub_v3_0/hdl/xbip_addsub_v3_0.vhd</spirit:name>
        <spirit:fileType>vhdlSource</spirit:fileType>
        <spirit:logicalName>xbip_addsub_v3_0</spirit:logicalName>
      </spirit:file>
      <spirit:vendorExtensions>
        <xilinx:subCoreRef>
          <xilinx:componentRef xilinx:vendor="xilinx.com" xilinx:library="ip" xilinx:name="xbip_addsub" xilinx:version="3.0" xilinx:isGenerated="true" xilinx:checksum="a1a254c4">
            <xilinx:mode xilinx:name="copy_mode"/>
          </xilinx:componentRef>
        </xilinx:subCoreRef>
      </spirit:vendorExtensions>
    </spirit:fileSet>
    <spirit:fileSet>
      <spirit:name>xilinx_vhdlsimulationwrapper_view_fileset</spirit:name>
      <spirit:file>
        <spirit:name>sim/c_addsub_0.vhd</spirit:name>
        <spirit:fileType>vhdlSource</spirit:fileType>
        <spirit:logicalName>xil_defaultlib</spirit:logicalName>
      </spirit:file>
    </spirit:fileSet>
    <spirit:fileSet>
      <spirit:name>xilinx_versioninformation_view_fileset</spirit:name>
      <spirit:file>
        <spirit:name>doc/c_addsub_v12_0_changelog.txt</spirit:name>
        <spirit:userFileType>text</spirit:userFileType>
      </spirit:file>
    </spirit:fileSet>
    <spirit:fileSet>
      <spirit:name>xilinx_externalfiles_view_fileset</spirit:name>
      <spirit:file>
        <spirit:name>c_addsub_0.dcp</spirit:name>
        <spirit:userFileType>dcp</spirit:userFileType>
        <spirit:userFileType>USED_IN_synthesis</spirit:userFileType>
        <spirit:userFileType>USED_IN_implementation</spirit:userFileType>
        <spirit:logicalName>xil_defaultlib</spirit:logicalName>
      </spirit:file>
      <spirit:file>
        <spirit:name>c_addsub_0_stub.v</spirit:name>
        <spirit:fileType>verilogSource</spirit:fileType>
        <spirit:userFileType>USED_IN_synth_blackbox_stub</spirit:userFileType>
        <spirit:logicalName>xil_defaultlib</spirit:logicalName>
      </spirit:file>
      <spirit:file>
        <spirit:name>c_addsub_0_stub.vhdl</spirit:name>
        <spirit:fileType>vhdlSource</spirit:fileType>
        <spirit:userFileType>USED_IN_synth_blackbox_stub</spirit:userFileType>
        <spirit:logicalName>xil_defaultlib</spirit:logicalName>
      </spirit:file>
      <spirit:file>
        <spirit:name>c_addsub_0_funcsim.v</spirit:name>
        <spirit:fileType>verilogSource</spirit:fileType>
        <spirit:userFileType>USED_IN_simulation</spirit:userFileType>
        <spirit:userFileType>USED_IN_single_language</spirit:userFileType>
        <spirit:logicalName>xil_defaultlib</spirit:logicalName>
      </spirit:file>
      <spirit:file>
        <spirit:name>c_addsub_0_funcsim.vhdl</spirit:name>
        <spirit:fileType>vhdlSource</spirit:fileType>
        <spirit:userFileType>USED_IN_simulation</spirit:userFileType>
        <spirit:userFileType>USED_IN_single_language</spirit:userFileType>
        <spirit:logicalName>xil_defaultlib</spirit:logicalName>
      </spirit:file>
    </spirit:fileSet>
  </spirit:fileSets>
  <spirit:description>The Xilinx LogiCORE Adder Subtracter can create adders, subtracters, and adders/subtracters that operate on signed or unsigned data. In fabric, the module supports inputs ranging from 1 to 256 bits wide, and outputs ranging from 1 to 258 bits wide.  I/O widths are family dependent for dsp48 implementations.</spirit:description>
  <spirit:parameters>
    <spirit:parameter>
      <spirit:name>Component_Name</spirit:name>
      <spirit:value spirit:resolve="user" spirit:id="PARAM_VALUE.Component_Name" spirit:order="1">c_addsub_0</spirit:value>
    </spirit:parameter>
    <spirit:parameter>
      <spirit:name>Implementation</spirit:name>
      <spirit:value spirit:resolve="user" spirit:id="PARAM_VALUE.Implementation" spirit:choiceRef="choices_0" spirit:order="2">DSP48</spirit:value>
    </spirit:parameter>
    <spirit:parameter>
      <spirit:name>A_Type</spirit:name>
      <spirit:value spirit:resolve="user" spirit:id="PARAM_VALUE.A_Type" spirit:choiceRef="choices_1" spirit:order="3">Signed</spirit:value>
    </spirit:parameter>
    <spirit:parameter>
      <spirit:name>B_Type</spirit:name>
      <spirit:value spirit:resolve="user" spirit:id="PARAM_VALUE.B_Type" spirit:choiceRef="choices_2" spirit:order="4">Signed</spirit:value>
    </spirit:parameter>
    <spirit:parameter>
      <spirit:name>A_Width</spirit:name>
      <spirit:value spirit:format="long" spirit:resolve="user" spirit:id="PARAM_VALUE.A_Width" spirit:order="5" spirit:minimum="2" spirit:maximum="48">32</spirit:value>
    </spirit:parameter>
    <spirit:parameter>
      <spirit:name>B_Width</spirit:name>
      <spirit:value spirit:format="long" spirit:resolve="user" spirit:id="PARAM_VALUE.B_Width" spirit:order="6" spirit:minimum="2" spirit:maximum="48">32</spirit:value>
    </spirit:parameter>
    <spirit:parameter>
      <spirit:name>Add_Mode</spirit:name>
      <spirit:value spirit:resolve="user" spirit:id="PARAM_VALUE.Add_Mode" spirit:choiceRef="choices_3" spirit:order="7">Add</spirit:value>
    </spirit:parameter>
    <spirit:parameter>
      <spirit:name>Out_Width</spirit:name>
      <spirit:value spirit:format="long" spirit:resolve="user" spirit:id="PARAM_VALUE.Out_Width" spirit:order="8" spirit:minimum="32" spirit:maximum="33">33</spirit:value>
    </spirit:parameter>
    <spirit:parameter>
      <spirit:name>Latency_Configuration</spirit:name>
      <spirit:value spirit:resolve="user" spirit:id="PARAM_VALUE.Latency_Configuration" spirit:choiceRef="choices_4" spirit:order="9">Manual</spirit:value>
    </spirit:parameter>
    <spirit:parameter>
      <spirit:name>Latency</spirit:name>
      <spirit:value spirit:format="long" spirit:resolve="user" spirit:id="PARAM_VALUE.Latency" spirit:order="10" spirit:minimum="0" spirit:maximum="2">1</spirit:value>
    </spirit:parameter>
    <spirit:parameter>
      <spirit:name>B_Constant</spirit:name>
      <spirit:value spirit:format="bool" spirit:resolve="user" spirit:id="PARAM_VALUE.B_Constant" spirit:order="11">false</spirit:value>
    </spirit:parameter>
    <spirit:parameter>
      <spirit:name>B_Value</spirit:name>
      <spirit:value spirit:resolve="user" spirit:id="PARAM_VALUE.B_Value" spirit:order="12">00000000000000000000000000000000</spirit:value>
    </spirit:parameter>
    <spirit:parameter>
      <spirit:name>CE</spirit:name>
      <spirit:value spirit:format="bool" spirit:resolve="user" spirit:id="PARAM_VALUE.CE" spirit:order="13">false</spirit:value>
    </spirit:parameter>
    <spirit:parameter>
      <spirit:name>C_In</spirit:name>
      <spirit:value spirit:format="bool" spirit:resolve="user" spirit:id="PARAM_VALUE.C_In" spirit:order="14">false</spirit:value>
    </spirit:parameter>
    <spirit:parameter>
      <spirit:name>C_Out</spirit:name>
      <spirit:value spirit:format="bool" spirit:resolve="user" spirit:id="PARAM_VALUE.C_Out" spirit:order="15">false</spirit:value>
    </spirit:parameter>
    <spirit:parameter>
      <spirit:name>Borrow_Sense</spirit:name>
      <spirit:value spirit:resolve="user" spirit:id="PARAM_VALUE.Borrow_Sense" spirit:choiceRef="choices_5" spirit:order="16">Active_Low</spirit:value>
    </spirit:parameter>
    <spirit:parameter>
      <spirit:name>SCLR</spirit:name>
      <spirit:value spirit:format="bool" spirit:resolve="user" spirit:id="PARAM_VALUE.SCLR" spirit:order="17">false</spirit:value>
    </spirit:parameter>
    <spirit:parameter>
      <spirit:name>SSET</spirit:name>
      <spirit:value spirit:format="bool" spirit:resolve="user" spirit:id="PARAM_VALUE.SSET" spirit:order="18">false</spirit:value>
    </spirit:parameter>
    <spirit:parameter>
      <spirit:name>SINIT</spirit:name>
      <spirit:value spirit:format="bool" spirit:resolve="user" spirit:id="PARAM_VALUE.SINIT" spirit:order="19">false</spirit:value>
    </spirit:parameter>
    <spirit:parameter>
      <spirit:name>SINIT_Value</spirit:name>
      <spirit:value spirit:resolve="user" spirit:id="PARAM_VALUE.SINIT_Value" spirit:order="20">0</spirit:value>
    </spirit:parameter>
    <spirit:parameter>
      <spirit:name>Bypass</spirit:name>
      <spirit:value spirit:format="bool" spirit:resolve="user" spirit:id="PARAM_VALUE.Bypass" spirit:order="21">false</spirit:value>
    </spirit:parameter>
    <spirit:parameter>
      <spirit:name>Bypass_Sense</spirit:name>
      <spirit:value spirit:resolve="user" spirit:id="PARAM_VALUE.Bypass_Sense" spirit:choiceRef="choices_6" spirit:order="22">Active_High</spirit:value>
    </spirit:parameter>
    <spirit:parameter>
      <spirit:name>Sync_Ctrl_Priority</spirit:name>
      <spirit:value spirit:resolve="user" spirit:id="PARAM_VALUE.Sync_Ctrl_Priority" spirit:choiceRef="choices_7" spirit:order="23">Reset_Overrides_Set</spirit:value>
    </spirit:parameter>
    <spirit:parameter>
      <spirit:name>Sync_CE_Priority</spirit:name>
      <spirit:value spirit:resolve="user" spirit:id="PARAM_VALUE.Sync_CE_Priority" spirit:choiceRef="choices_8" spirit:order="24">Sync_Overrides_CE</spirit:value>
    </spirit:parameter>
    <spirit:parameter>
      <spirit:name>Bypass_CE_Priority</spirit:name>
      <spirit:value spirit:resolve="user" spirit:id="PARAM_VALUE.Bypass_CE_Priority" spirit:choiceRef="choices_9" spirit:order="25">CE_Overrides_Bypass</spirit:value>
    </spirit:parameter>
    <spirit:parameter>
      <spirit:name>AINIT_Value</spirit:name>
      <spirit:value spirit:resolve="user" spirit:id="PARAM_VALUE.AINIT_Value" spirit:order="26">0</spirit:value>
    </spirit:parameter>
  </spirit:parameters>
  <spirit:vendorExtensions>
    <xilinx:coreExtensions>
      <xilinx:supportedFamilies>
        <xilinx:family xilinx:lifeCycle="Production">aartix7</xilinx:family>
        <xilinx:family xilinx:lifeCycle="Production">artix7</xilinx:family>
        <xilinx:family xilinx:lifeCycle="Production">artix7l</xilinx:family>
        <xilinx:family xilinx:lifeCycle="Production">azynq</xilinx:family>
        <xilinx:family xilinx:lifeCycle="Production">kintex7</xilinx:family>
        <xilinx:family xilinx:lifeCycle="Production">kintex7l</xilinx:family>
        <xilinx:family xilinx:lifeCycle="Pre-Production">kintexu</xilinx:family>
        <xilinx:family xilinx:lifeCycle="Production">qartix7</xilinx:family>
        <xilinx:family xilinx:lifeCycle="Production">qkintex7</xilinx:family>
        <xilinx:family xilinx:lifeCycle="Production">qkintex7l</xilinx:family>
        <xilinx:family xilinx:lifeCycle="Production">qvirtex7</xilinx:family>
        <xilinx:family xilinx:lifeCycle="Production">qzynq</xilinx:family>
        <xilinx:family xilinx:lifeCycle="Production">virtex7</xilinx:family>
        <xilinx:family xilinx:lifeCycle="Pre-Production">virtexu</xilinx:family>
        <xilinx:family xilinx:lifeCycle="Production">zynq</xilinx:family>
      </xilinx:supportedFamilies>
      <xilinx:taxonomies>
        <xilinx:taxonomy>/Math_Functions/Adders_&amp;_Subtracters</xilinx:taxonomy>
      </xilinx:taxonomies>
      <xilinx:displayName>Adder/Subtracter</xilinx:displayName>
      <xilinx:coreRevision>5</xilinx:coreRevision>
      <xilinx:upgrades>
        <xilinx:canUpgradeFrom>xilinx.com:ip:c_addsub:9.0</xilinx:canUpgradeFrom>
        <xilinx:canUpgradeFrom>xilinx.com:ip:c_addsub:9.1</xilinx:canUpgradeFrom>
        <xilinx:canUpgradeFrom>xilinx.com:ip:c_addsub:10.0</xilinx:canUpgradeFrom>
        <xilinx:canUpgradeFrom>xilinx.com:ip:c_addsub:11.0</xilinx:canUpgradeFrom>
      </xilinx:upgrades>
      <xilinx:coreCreationDateTime>2014-11-18T07:59:39Z</xilinx:coreCreationDateTime>
    </xilinx:coreExtensions>
    <xilinx:packagingInfo>
      <xilinx:xilinxVersion>2014.4</xilinx:xilinxVersion>
      <xilinx:checksum xilinx:scope="busInterfaces" xilinx:value="753f6416"/>
      <xilinx:checksum xilinx:scope="fileGroups" xilinx:value="2d485823"/>
      <xilinx:checksum xilinx:scope="ports" xilinx:value="2625c4f6"/>
      <xilinx:checksum xilinx:scope="hdlParameters" xilinx:value="af1fe63a"/>
      <xilinx:checksum xilinx:scope="parameters" xilinx:value="2c19d53f"/>
    </xilinx:packagingInfo>
  </spirit:vendorExtensions>
</spirit:component>