<?xml version="1.0" encoding="UTF-8"?>
<spirit:component xmlns:xilinx="http://www.xilinx.com" xmlns:spirit="http://www.spiritconsortium.org/XMLSchema/SPIRIT/1685-2009" xmlns:xsi="http://www.w3.org/2001/XMLSchema-instance">
  <spirit:vendor>xilinx.com</spirit:vendor>
  <spirit:library>customized_ip</spirit:library>
  <spirit:name>mult_gen_0</spirit:name>
  <spirit:version>1.0</spirit:version>
  <spirit:busInterfaces>
    <spirit:busInterface>
      <spirit:name>a_intf</spirit:name>
      <spirit:busType spirit:vendor="xilinx.com" spirit:library="signal" spirit:name="data" spirit:version="1.0"/>
      <spirit:abstractionType spirit:vendor="xilinx.com" spirit:library="signal" spirit:name="data_rtl" spirit:version="1.0"/>
      <spirit:slave/>
      <spirit:portMaps>
        <spirit:portMap>
          <spirit:logicalPort>
            <spirit:name>DATA</spirit:name>
          </spirit:logicalPort>
          <spirit:physicalPort>
            <spirit:name>A</spirit:name>
          </spirit:physicalPort>
        </spirit:portMap>
      </spirit:portMaps>
    </spirit:busInterface>
    <spirit:busInterface>
      <spirit:name>clk_intf</spirit:name>
      <spirit:busType spirit:vendor="xilinx.com" spirit:library="signal" spirit:name="clock" spirit:version="1.0"/>
      <spirit:abstractionType spirit:vendor="xilinx.com" spirit:library="signal" spirit:name="clock_rtl" spirit:version="1.0"/>
      <spirit:slave/>
      <spirit:portMaps>
        <spirit:portMap>
          <spirit:logicalPort>
            <spirit:name>CLK</spirit:name>
          </spirit:logicalPort>
          <spirit:physicalPort>
            <spirit:name>CLK</spirit:name>
          </spirit:physicalPort>
        </spirit:portMap>
      </spirit:portMaps>
      <spirit:parameters>
        <spirit:parameter>
          <spirit:name>ASSOCIATED_BUSIF</spirit:name>
          <spirit:value spirit:id="BUSIFPARAM_VALUE.CLK_INTF.ASSOCIATED_BUSIF">p_intf:b_intf:a_intf</spirit:value>
        </spirit:parameter>
        <spirit:parameter>
          <spirit:name>ASSOCIATED_RESET</spirit:name>
          <spirit:value spirit:id="BUSIFPARAM_VALUE.CLK_INTF.ASSOCIATED_RESET">sclr</spirit:value>
        </spirit:parameter>
        <spirit:parameter>
          <spirit:name>ASSOCIATED_CLKEN</spirit:name>
          <spirit:value spirit:id="BUSIFPARAM_VALUE.CLK_INTF.ASSOCIATED_CLKEN">ce</spirit:value>
        </spirit:parameter>
      </spirit:parameters>
    </spirit:busInterface>
    <spirit:busInterface>
      <spirit:name>sclr_intf</spirit:name>
      <spirit:busType spirit:vendor="xilinx.com" spirit:library="signal" spirit:name="reset" spirit:version="1.0"/>
      <spirit:abstractionType spirit:vendor="xilinx.com" spirit:library="signal" spirit:name="reset_rtl" spirit:version="1.0"/>
      <spirit:slave/>
      <spirit:portMaps>
        <spirit:portMap>
          <spirit:logicalPort>
            <spirit:name>RST</spirit:name>
          </spirit:logicalPort>
          <spirit:physicalPort>
            <spirit:name>SCLR</spirit:name>
          </spirit:physicalPort>
        </spirit:portMap>
      </spirit:portMaps>
      <spirit:parameters>
        <spirit:parameter>
          <spirit:name>POLARITY</spirit:name>
          <spirit:value spirit:id="BUSIFPARAM_VALUE.SCLR_INTF.POLARITY">ACTIVE_HIGH</spirit:value>
        </spirit:parameter>
      </spirit:parameters>
    </spirit:busInterface>
    <spirit:busInterface>
      <spirit:name>ce_intf</spirit:name>
      <spirit:busType spirit:vendor="xilinx.com" spirit:library="signal" spirit:name="clockenable" spirit:version="1.0"/>
      <spirit:abstractionType spirit:vendor="xilinx.com" spirit:library="signal" spirit:name="clockenable_rtl" spirit:version="1.0"/>
      <spirit:slave/>
      <spirit:portMaps>
        <spirit:portMap>
          <spirit:logicalPort>
            <spirit:name>CE</spirit:name>
          </spirit:logicalPort>
          <spirit:physicalPort>
            <spirit:name>CE</spirit:name>
          </spirit:physicalPort>
        </spirit:portMap>
      </spirit:portMaps>
    </spirit:busInterface>
    <spirit:busInterface>
      <spirit:name>b_intf</spirit:name>
      <spirit:busType spirit:vendor="xilinx.com" spirit:library="signal" spirit:name="data" spirit:version="1.0"/>
      <spirit:abstractionType spirit:vendor="xilinx.com" spirit:library="signal" spirit:name="data_rtl" spirit:version="1.0"/>
      <spirit:slave/>
      <spirit:portMaps>
        <spirit:portMap>
          <spirit:logicalPort>
            <spirit:name>DATA</spirit:name>
          </spirit:logicalPort>
          <spirit:physicalPort>
            <spirit:name>B</spirit:name>
          </spirit:physicalPort>
        </spirit:portMap>
      </spirit:portMaps>
    </spirit:busInterface>
    <spirit:busInterface>
      <spirit:name>p_intf</spirit:name>
      <spirit:busType spirit:vendor="xilinx.com" spirit:library="signal" spirit:name="data" spirit:version="1.0"/>
      <spirit:abstractionType spirit:vendor="xilinx.com" spirit:library="signal" spirit:name="data_rtl" spirit:version="1.0"/>
      <spirit:master/>
      <spirit:portMaps>
        <spirit:portMap>
          <spirit:logicalPort>
            <spirit:name>DATA</spirit:name>
          </spirit:logicalPort>
          <spirit:physicalPort>
            <spirit:name>P</spirit:name>
          </spirit:physicalPort>
        </spirit:portMap>
      </spirit:portMaps>
    </spirit:busInterface>
  </spirit:busInterfaces>
  <spirit:model>
    <spirit:views>
      <spirit:view>
        <spirit:name>xilinx_vhdlinstantiationtemplate</spirit:name>
        <spirit:displayName>VHDL Instantiation Template</spirit:displayName>
        <spirit:envIdentifier>vhdlSource:vivado.xilinx.com:synthesis.template</spirit:envIdentifier>
        <spirit:language>vhdl</spirit:language>
        <spirit:fileSetRef>
          <spirit:localName>xilinx_vhdlinstantiationtemplate_view_fileset</spirit:localName>
        </spirit:fileSetRef>
        <spirit:parameters>
          <spirit:parameter>
            <spirit:name>customizationCRC</spirit:name>
            <spirit:value>4196bbe4</spirit:value>
          </spirit:parameter>
          <spirit:parameter>
            <spirit:name>customizationCRCversion</spirit:name>
            <spirit:value>4</spirit:value>
          </spirit:parameter>
          <spirit:parameter>
            <spirit:name>GENtimestamp</spirit:name>
            <spirit:value>Wed Apr 22 00:30:34 UTC 2015</spirit:value>
          </spirit:parameter>
          <spirit:parameter>
            <spirit:name>StaleAtRelink</spirit:name>
            <spirit:value>false</spirit:value>
          </spirit:parameter>
        </spirit:parameters>
      </spirit:view>
      <spirit:view>
        <spirit:name>xilinx_vhdlsynthesis</spirit:name>
        <spirit:displayName>VHDL Synthesis</spirit:displayName>
        <spirit:envIdentifier>vhdlSource:vivado.xilinx.com:synthesis</spirit:envIdentifier>
        <spirit:language>vhdl</spirit:language>
        <spirit:fileSetRef>
          <spirit:localName>xilinx_vhdlsynthesis_xilinx_com_ip_xbip_utils_3_0__ref_view_fileset</spirit:localName>
        </spirit:fileSetRef>
        <spirit:fileSetRef>
          <spirit:localName>xilinx_vhdlsynthesis_xilinx_com_ip_xbip_pipe_3_0__ref_view_fileset</spirit:localName>
        </spirit:fileSetRef>
        <spirit:fileSetRef>
          <spirit:localName>xilinx_vhdlsynthesis_xilinx_com_ip_xbip_bram18k_3_0__ref_view_fileset</spirit:localName>
        </spirit:fileSetRef>
        <spirit:fileSetRef>
          <spirit:localName>xilinx_vhdlsynthesis_view_fileset</spirit:localName>
        </spirit:fileSetRef>
        <spirit:parameters>
          <spirit:parameter>
            <spirit:name>customizationCRC</spirit:name>
            <spirit:value>4196bbe4</spirit:value>
          </spirit:parameter>
          <spirit:parameter>
            <spirit:name>customizationCRCversion</spirit:name>
            <spirit:value>4</spirit:value>
          </spirit:parameter>
          <spirit:parameter>
            <spirit:name>GENtimestamp</spirit:name>
            <spirit:value>Wed Apr 22 00:30:34 UTC 2015</spirit:value>
          </spirit:parameter>
          <spirit:parameter>
            <spirit:name>StaleAtRelink</spirit:name>
            <spirit:value>false</spirit:value>
          </spirit:parameter>
        </spirit:parameters>
      </spirit:view>
      <spirit:view>
        <spirit:name>xilinx_vhdlsynthesiswrapper</spirit:name>
        <spirit:displayName>VHDL Synthesis Wrapper</spirit:displayName>
        <spirit:envIdentifier>vhdlSource:vivado.xilinx.com:synthesis.wrapper</spirit:envIdentifier>
        <spirit:language>vhdl</spirit:language>
        <spirit:fileSetRef>
          <spirit:localName>xilinx_vhdlsynthesiswrapper_view_fileset</spirit:localName>
        </spirit:fileSetRef>
        <spirit:parameters>
          <spirit:parameter>
            <spirit:name>customizationCRC</spirit:name>
            <spirit:value>4196bbe4</spirit:value>
          </spirit:parameter>
          <spirit:parameter>
            <spirit:name>customizationCRCversion</spirit:name>
            <spirit:value>4</spirit:value>
          </spirit:parameter>
          <spirit:parameter>
            <spirit:name>GENtimestamp</spirit:name>
            <spirit:value>Wed Apr 22 00:30:34 UTC 2015</spirit:value>
          </spirit:parameter>
          <spirit:parameter>
            <spirit:name>StaleAtRelink</spirit:name>
            <spirit:value>false</spirit:value>
          </spirit:parameter>
        </spirit:parameters>
      </spirit:view>
      <spirit:view>
        <spirit:name>xilinx_vhdlbehavioralsimulation</spirit:name>
        <spirit:displayName>VHDL Simulation</spirit:displayName>
        <spirit:envIdentifier>vhdlSource:vivado.xilinx.com:simulation</spirit:envIdentifier>
        <spirit:language>vhdl</spirit:language>
        <spirit:fileSetRef>
          <spirit:localName>xilinx_vhdlbehavioralsimulation_xilinx_com_ip_xbip_utils_3_0__ref_view_fileset</spirit:localName>
        </spirit:fileSetRef>
        <spirit:fileSetRef>
          <spirit:localName>xilinx_vhdlbehavioralsimulation_xilinx_com_ip_xbip_pipe_3_0__ref_view_fileset</spirit:localName>
        </spirit:fileSetRef>
        <spirit:fileSetRef>
          <spirit:localName>xilinx_vhdlbehavioralsimulation_xilinx_com_ip_xbip_bram18k_3_0__ref_view_fileset</spirit:localName>
        </spirit:fileSetRef>
        <spirit:fileSetRef>
          <spirit:localName>xilinx_vhdlbehavioralsimulation_view_fileset</spirit:localName>
        </spirit:fileSetRef>
        <spirit:parameters>
          <spirit:parameter>
            <spirit:name>customizationCRC</spirit:name>
            <spirit:value>8a238eba</spirit:value>
          </spirit:parameter>
          <spirit:parameter>
            <spirit:name>customizationCRCversion</spirit:name>
            <spirit:value>4</spirit:value>
          </spirit:parameter>
          <spirit:parameter>
            <spirit:name>GENtimestamp</spirit:name>
            <spirit:value>Wed Apr 22 00:30:34 UTC 2015</spirit:value>
          </spirit:parameter>
          <spirit:parameter>
            <spirit:name>StaleAtRelink</spirit:name>
            <spirit:value>false</spirit:value>
          </spirit:parameter>
        </spirit:parameters>
      </spirit:view>
      <spirit:view>
        <spirit:name>xilinx_vhdlsimulationwrapper</spirit:name>
        <spirit:displayName>VHDL Simulation Wrapper</spirit:displayName>
        <spirit:envIdentifier>vhdlSource:vivado.xilinx.com:simulation.wrapper</spirit:envIdentifier>
        <spirit:language>vhdl</spirit:language>
        <spirit:fileSetRef>
          <spirit:localName>xilinx_vhdlsimulationwrapper_view_fileset</spirit:localName>
        </spirit:fileSetRef>
        <spirit:parameters>
          <spirit:parameter>
            <spirit:name>customizationCRC</spirit:name>
            <spirit:value>8a238eba</spirit:value>
          </spirit:parameter>
          <spirit:parameter>
            <spirit:name>customizationCRCversion</spirit:name>
            <spirit:value>4</spirit:value>
          </spirit:parameter>
          <spirit:parameter>
            <spirit:name>GENtimestamp</spirit:name>
            <spirit:value>Wed Apr 22 00:30:34 UTC 2015</spirit:value>
          </spirit:parameter>
          <spirit:parameter>
            <spirit:name>StaleAtRelink</spirit:name>
            <spirit:value>false</spirit:value>
          </spirit:parameter>
        </spirit:parameters>
      </spirit:view>
      <spirit:view>
        <spirit:name>xilinx_versioninformation</spirit:name>
        <spirit:displayName>Version Information</spirit:displayName>
        <spirit:envIdentifier>:vivado.xilinx.com:docs.versioninfo</spirit:envIdentifier>
        <spirit:fileSetRef>
          <spirit:localName>xilinx_versioninformation_view_fileset</spirit:localName>
        </spirit:fileSetRef>
        <spirit:parameters>
          <spirit:parameter>
            <spirit:name>customizationCRC</spirit:name>
            <spirit:value>4196bbe4</spirit:value>
          </spirit:parameter>
          <spirit:parameter>
            <spirit:name>customizationCRCversion</spirit:name>
            <spirit:value>4</spirit:value>
          </spirit:parameter>
          <spirit:parameter>
            <spirit:name>GENtimestamp</spirit:name>
            <spirit:value>Wed Apr 22 00:30:34 UTC 2015</spirit:value>
          </spirit:parameter>
          <spirit:parameter>
            <spirit:name>StaleAtRelink</spirit:name>
            <spirit:value>false</spirit:value>
          </spirit:parameter>
        </spirit:parameters>
      </spirit:view>
      <spirit:view>
        <spirit:name>xilinx_externalfiles</spirit:name>
        <spirit:displayName>External Files</spirit:displayName>
        <spirit:envIdentifier>:vivado.xilinx.com:external.files</spirit:envIdentifier>
        <spirit:fileSetRef>
          <spirit:localName>xilinx_externalfiles_view_fileset</spirit:localName>
        </spirit:fileSetRef>
        <spirit:parameters>
          <spirit:parameter>
            <spirit:name>customizationCRC</spirit:name>
            <spirit:value>4196bbe4</spirit:value>
          </spirit:parameter>
          <spirit:parameter>
            <spirit:name>customizationCRCversion</spirit:name>
            <spirit:value>4</spirit:value>
          </spirit:parameter>
          <spirit:parameter>
            <spirit:name>GENtimestamp</spirit:name>
            <spirit:value>Thu Jan 01 00:00:00 UTC 1970</spirit:value>
          </spirit:parameter>
          <spirit:parameter>
            <spirit:name>StaleAtRelink</spirit:name>
            <spirit:value>false</spirit:value>
          </spirit:parameter>
        </spirit:parameters>
      </spirit:view>
    </spirit:views>
    <spirit:ports>
      <spirit:port>
        <spirit:name>CLK</spirit:name>
        <spirit:wire>
          <spirit:direction>in</spirit:direction>
          <spirit:wireTypeDefs>
            <spirit:wireTypeDef>
              <spirit:typeName>std_logic</spirit:typeName>
              <spirit:viewNameRef>xilinx_vhdlsynthesis</spirit:viewNameRef>
              <spirit:viewNameRef>xilinx_vhdlbehavioralsimulation</spirit:viewNameRef>
            </spirit:wireTypeDef>
          </spirit:wireTypeDefs>
          <spirit:driver>
            <spirit:defaultValue spirit:format="bitString" spirit:bitStringLength="1">0x1</spirit:defaultValue>
          </spirit:driver>
        </spirit:wire>
        <spirit:vendorExtensions>
          <xilinx:portInfo>
            <xilinx:enablement>
              <xilinx:presence>optional</xilinx:presence>
              <xilinx:isEnabled xilinx:resolve="dependent" xilinx:dependency="(spirit:decode(id(&apos;MODELPARAM_VALUE.C_LATENCY&apos;)) != 0 or (spirit:decode(id(&apos;MODELPARAM_VALUE.C_MULT_TYPE&apos;)) = 2 and spirit:decode(id(&apos;MODELPARAM_VALUE.C_CCM_IMP&apos;)) = 1))">true</xilinx:isEnabled>
            </xilinx:enablement>
          </xilinx:portInfo>
        </spirit:vendorExtensions>
      </spirit:port>
      <spirit:port>
        <spirit:name>A</spirit:name>
        <spirit:wire>
          <spirit:direction>in</spirit:direction>
          <spirit:vector>
            <spirit:left spirit:resolve="dependent" spirit:dependency="(spirit:decode(id(&apos;MODELPARAM_VALUE.C_A_WIDTH&apos;)) - 1)">15</spirit:left>
            <spirit:right>0</spirit:right>
          </spirit:vector>
          <spirit:wireTypeDefs>
            <spirit:wireTypeDef>
              <spirit:typeName>std_logic_vector</spirit:typeName>
              <spirit:viewNameRef>xilinx_vhdlsynthesis</spirit:viewNameRef>
              <spirit:viewNameRef>xilinx_vhdlbehavioralsimulation</spirit:viewNameRef>
            </spirit:wireTypeDef>
          </spirit:wireTypeDefs>
          <spirit:driver>
            <spirit:defaultValue>0</spirit:defaultValue>
          </spirit:driver>
        </spirit:wire>
        <spirit:vendorExtensions>
          <xilinx:portInfo>
            <xilinx:enablement>
              <xilinx:isEnabled>true</xilinx:isEnabled>
            </xilinx:enablement>
          </xilinx:portInfo>
        </spirit:vendorExtensions>
      </spirit:port>
      <spirit:port>
        <spirit:name>B</spirit:name>
        <spirit:wire>
          <spirit:direction>in</spirit:direction>
          <spirit:vector>
            <spirit:left spirit:resolve="dependent" spirit:dependency="(spirit:decode(id(&apos;MODELPARAM_VALUE.C_B_WIDTH&apos;)) - 1)">15</spirit:left>
            <spirit:right>0</spirit:right>
          </spirit:vector>
          <spirit:wireTypeDefs>
            <spirit:wireTypeDef>
              <spirit:typeName>std_logic_vector</spirit:typeName>
              <spirit:viewNameRef>xilinx_vhdlsynthesis</spirit:viewNameRef>
              <spirit:viewNameRef>xilinx_vhdlbehavioralsimulation</spirit:viewNameRef>
            </spirit:wireTypeDef>
          </spirit:wireTypeDefs>
          <spirit:driver>
            <spirit:defaultValue>0</spirit:defaultValue>
          </spirit:driver>
        </spirit:wire>
        <spirit:vendorExtensions>
          <xilinx:portInfo>
            <xilinx:enablement>
              <xilinx:presence>optional</xilinx:presence>
              <xilinx:isEnabled xilinx:resolve="dependent" xilinx:dependency="(spirit:decode(id(&apos;MODELPARAM_VALUE.C_MULT_TYPE&apos;)) != 2)">true</xilinx:isEnabled>
            </xilinx:enablement>
          </xilinx:portInfo>
        </spirit:vendorExtensions>
      </spirit:port>
      <spirit:port>
        <spirit:name>CE</spirit:name>
        <spirit:wire>
          <spirit:direction>in</spirit:direction>
          <spirit:wireTypeDefs>
            <spirit:wireTypeDef>
              <spirit:typeName>std_logic</spirit:typeName>
              <spirit:viewNameRef>xilinx_vhdlsynthesis</spirit:viewNameRef>
              <spirit:viewNameRef>xilinx_vhdlbehavioralsimulation</spirit:viewNameRef>
            </spirit:wireTypeDef>
          </spirit:wireTypeDefs>
          <spirit:driver>
            <spirit:defaultValue spirit:format="bitString" spirit:bitStringLength="1">0x1</spirit:defaultValue>
          </spirit:driver>
        </spirit:wire>
        <spirit:vendorExtensions>
          <xilinx:portInfo>
            <xilinx:enablement>
              <xilinx:presence>optional</xilinx:presence>
              <xilinx:isEnabled xilinx:resolve="dependent" xilinx:dependency="((spirit:decode(id(&apos;MODELPARAM_VALUE.C_LATENCY&apos;)) != 0) and spirit:decode(id(&apos;MODELPARAM_VALUE.C_HAS_CE&apos;)) != 0)">false</xilinx:isEnabled>
            </xilinx:enablement>
          </xilinx:portInfo>
        </spirit:vendorExtensions>
      </spirit:port>
      <spirit:port>
        <spirit:name>SCLR</spirit:name>
        <spirit:wire>
          <spirit:direction>in</spirit:direction>
          <spirit:wireTypeDefs>
            <spirit:wireTypeDef>
              <spirit:typeName>std_logic</spirit:typeName>
              <spirit:viewNameRef>xilinx_vhdlsynthesis</spirit:viewNameRef>
              <spirit:viewNameRef>xilinx_vhdlbehavioralsimulation</spirit:viewNameRef>
            </spirit:wireTypeDef>
          </spirit:wireTypeDefs>
          <spirit:driver>
            <spirit:defaultValue spirit:format="bitString" spirit:bitStringLength="1">0x0</spirit:defaultValue>
          </spirit:driver>
        </spirit:wire>
        <spirit:vendorExtensions>
          <xilinx:portInfo>
            <xilinx:enablement>
              <xilinx:presence>optional</xilinx:presence>
              <xilinx:isEnabled xilinx:resolve="dependent" xilinx:dependency="(((spirit:decode(id(&apos;MODELPARAM_VALUE.C_MULT_TYPE&apos;)) = 0 or spirit:decode(id(&apos;MODELPARAM_VALUE.C_MULT_TYPE&apos;)) = 1 or (spirit:decode(id(&apos;MODELPARAM_VALUE.C_MULT_TYPE&apos;)) = 2 and spirit:decode(id(&apos;MODELPARAM_VALUE.C_CCM_IMP&apos;)) != 1)) and (spirit:decode(id(&apos;MODELPARAM_VALUE.C_LATENCY&apos;)) != 0) and spirit:decode(id(&apos;MODELPARAM_VALUE.C_HAS_SCLR&apos;)) != 0) or (spirit:decode(id(&apos;MODELPARAM_VALUE.C_MULT_TYPE&apos;)) = 2 and spirit:decode(id(&apos;MODELPARAM_VALUE.C_CCM_IMP&apos;)) = 1 and (spirit:decode(id(&apos;MODELPARAM_VALUE.C_LATENCY&apos;)) > 1 or spirit:decode(id(&apos;MODELPARAM_VALUE.C_LATENCY&apos;)) = -1) and spirit:decode(id(&apos;MODELPARAM_VALUE.C_HAS_SCLR&apos;)) != 0))">false</xilinx:isEnabled>
            </xilinx:enablement>
          </xilinx:portInfo>
        </spirit:vendorExtensions>
      </spirit:port>
      <spirit:port>
        <spirit:name>P</spirit:name>
        <spirit:wire>
          <spirit:direction>out</spirit:direction>
          <spirit:vector>
            <spirit:left spirit:resolve="dependent" spirit:dependency="(spirit:decode(id(&apos;MODELPARAM_VALUE.C_OUT_HIGH&apos;)) - spirit:decode(id(&apos;MODELPARAM_VALUE.C_OUT_LOW&apos;)))">31</spirit:left>
            <spirit:right>0</spirit:right>
          </spirit:vector>
          <spirit:wireTypeDefs>
            <spirit:wireTypeDef>
              <spirit:typeName>std_logic_vector</spirit:typeName>
              <spirit:viewNameRef>xilinx_vhdlsynthesis</spirit:viewNameRef>
              <spirit:viewNameRef>xilinx_vhdlbehavioralsimulation</spirit:viewNameRef>
            </spirit:wireTypeDef>
          </spirit:wireTypeDefs>
          <spirit:driver>
            <spirit:defaultValue>0</spirit:defaultValue>
          </spirit:driver>
        </spirit:wire>
        <spirit:vendorExtensions>
          <xilinx:portInfo>
            <xilinx:enablement>
              <xilinx:isEnabled>true</xilinx:isEnabled>
            </xilinx:enablement>
          </xilinx:portInfo>
        </spirit:vendorExtensions>
      </spirit:port>
    </spirit:ports>
    <spirit:modelParameters>
      <spirit:modelParameter xsi:type="spirit:nameValueTypeType" spirit:dataType="integer">
        <spirit:name>C_VERBOSITY</spirit:name>
        <spirit:value spirit:format="long" spirit:resolve="generated" spirit:id="MODELPARAM_VALUE.C_VERBOSITY">0</spirit:value>
      </spirit:modelParameter>
      <spirit:modelParameter spirit:dataType="integer">
        <spirit:name>C_MODEL_TYPE</spirit:name>
        <spirit:value spirit:format="long" spirit:resolve="generated" spirit:id="MODELPARAM_VALUE.C_MODEL_TYPE">0</spirit:value>
      </spirit:modelParameter>
      <spirit:modelParameter spirit:dataType="integer">
        <spirit:name>C_OPTIMIZE_GOAL</spirit:name>
        <spirit:value spirit:format="long" spirit:resolve="generated" spirit:id="MODELPARAM_VALUE.C_OPTIMIZE_GOAL">1</spirit:value>
      </spirit:modelParameter>
      <spirit:modelParameter spirit:dataType="string">
        <spirit:name>C_XDEVICEFAMILY</spirit:name>
        <spirit:value spirit:format="string" spirit:resolve="generated" spirit:id="MODELPARAM_VALUE.C_XDEVICEFAMILY">artix7</spirit:value>
      </spirit:modelParameter>
      <spirit:modelParameter spirit:dataType="integer">
        <spirit:name>C_HAS_CE</spirit:name>
        <spirit:value spirit:format="long" spirit:resolve="generated" spirit:id="MODELPARAM_VALUE.C_HAS_CE">0</spirit:value>
      </spirit:modelParameter>
      <spirit:modelParameter spirit:dataType="integer">
        <spirit:name>C_HAS_SCLR</spirit:name>
        <spirit:value spirit:format="long" spirit:resolve="generated" spirit:id="MODELPARAM_VALUE.C_HAS_SCLR">0</spirit:value>
      </spirit:modelParameter>
      <spirit:modelParameter spirit:dataType="integer">
        <spirit:name>C_LATENCY</spirit:name>
        <spirit:value spirit:format="long" spirit:resolve="generated" spirit:id="MODELPARAM_VALUE.C_LATENCY">1</spirit:value>
      </spirit:modelParameter>
      <spirit:modelParameter spirit:dataType="integer">
        <spirit:name>C_A_WIDTH</spirit:name>
        <spirit:value spirit:format="long" spirit:resolve="generated" spirit:id="MODELPARAM_VALUE.C_A_WIDTH">16</spirit:value>
      </spirit:modelParameter>
      <spirit:modelParameter spirit:dataType="integer">
        <spirit:name>C_A_TYPE</spirit:name>
        <spirit:value spirit:format="long" spirit:resolve="generated" spirit:id="MODELPARAM_VALUE.C_A_TYPE">0</spirit:value>
      </spirit:modelParameter>
      <spirit:modelParameter spirit:dataType="integer">
        <spirit:name>C_B_WIDTH</spirit:name>
        <spirit:value spirit:format="long" spirit:resolve="generated" spirit:id="MODELPARAM_VALUE.C_B_WIDTH">16</spirit:value>
      </spirit:modelParameter>
      <spirit:modelParameter spirit:dataType="integer">
        <spirit:name>C_B_TYPE</spirit:name>
        <spirit:value spirit:format="long" spirit:resolve="generated" spirit:id="MODELPARAM_VALUE.C_B_TYPE">0</spirit:value>
      </spirit:modelParameter>
      <spirit:modelParameter spirit:dataType="integer">
        <spirit:name>C_OUT_HIGH</spirit:name>
        <spirit:value spirit:format="long" spirit:resolve="generated" spirit:id="MODELPARAM_VALUE.C_OUT_HIGH">31</spirit:value>
      </spirit:modelParameter>
      <spirit:modelParameter spirit:dataType="integer">
        <spirit:name>C_OUT_LOW</spirit:name>
        <spirit:value spirit:format="long" spirit:resolve="generated" spirit:id="MODELPARAM_VALUE.C_OUT_LOW">0</spirit:value>
      </spirit:modelParameter>
      <spirit:modelParameter spirit:dataType="integer">
        <spirit:name>C_MULT_TYPE</spirit:name>
        <spirit:value spirit:format="long" spirit:resolve="generated" spirit:id="MODELPARAM_VALUE.C_MULT_TYPE">1</spirit:value>
      </spirit:modelParameter>
      <spirit:modelParameter spirit:dataType="integer">
        <spirit:name>C_CE_OVERRIDES_SCLR</spirit:name>
        <spirit:value spirit:format="long" spirit:resolve="generated" spirit:id="MODELPARAM_VALUE.C_CE_OVERRIDES_SCLR">0</spirit:value>
      </spirit:modelParameter>
      <spirit:modelParameter spirit:dataType="integer">
        <spirit:name>C_CCM_IMP</spirit:name>
        <spirit:value spirit:format="long" spirit:resolve="generated" spirit:id="MODELPARAM_VALUE.C_CCM_IMP">0</spirit:value>
      </spirit:modelParameter>
      <spirit:modelParameter spirit:dataType="string">
        <spirit:name>C_B_VALUE</spirit:name>
        <spirit:value spirit:format="string" spirit:resolve="generated" spirit:id="MODELPARAM_VALUE.C_B_VALUE">10000001</spirit:value>
      </spirit:modelParameter>
      <spirit:modelParameter spirit:dataType="integer">
        <spirit:name>C_HAS_ZERO_DETECT</spirit:name>
        <spirit:value spirit:format="long" spirit:resolve="generated" spirit:id="MODELPARAM_VALUE.C_HAS_ZERO_DETECT">0</spirit:value>
      </spirit:modelParameter>
      <spirit:modelParameter spirit:dataType="integer">
        <spirit:name>C_ROUND_OUTPUT</spirit:name>
        <spirit:value spirit:format="long" spirit:resolve="generated" spirit:id="MODELPARAM_VALUE.C_ROUND_OUTPUT">0</spirit:value>
      </spirit:modelParameter>
      <spirit:modelParameter spirit:dataType="integer">
        <spirit:name>C_ROUND_PT</spirit:name>
        <spirit:value spirit:format="long" spirit:resolve="generated" spirit:id="MODELPARAM_VALUE.C_ROUND_PT">0</spirit:value>
      </spirit:modelParameter>
    </spirit:modelParameters>
  </spirit:model>
  <spirit:choices>
    <spirit:choice>
      <spirit:name>choices_0</spirit:name>
      <spirit:enumeration spirit:text="Parallel Multiplier">Parallel_Multiplier</spirit:enumeration>
      <spirit:enumeration spirit:text="Constant Coefficient Multiplier">Constant_Coefficient_Multiplier</spirit:enumeration>
    </spirit:choice>
    <spirit:choice>
      <spirit:name>choices_1</spirit:name>
      <spirit:enumeration spirit:text="Signed">Signed</spirit:enumeration>
      <spirit:enumeration spirit:text="Unsigned">Unsigned</spirit:enumeration>
    </spirit:choice>
    <spirit:choice>
      <spirit:name>choices_2</spirit:name>
      <spirit:enumeration spirit:text="Signed">Signed</spirit:enumeration>
      <spirit:enumeration spirit:text="Unsigned">Unsigned</spirit:enumeration>
    </spirit:choice>
    <spirit:choice>
      <spirit:name>choices_3</spirit:name>
      <spirit:enumeration spirit:text="Distributed Memory">Distributed_Memory</spirit:enumeration>
      <spirit:enumeration spirit:text="Block Memory">Block_Memory</spirit:enumeration>
      <spirit:enumeration spirit:text="Dedicated Multiplier">Dedicated_Multiplier</spirit:enumeration>
    </spirit:choice>
    <spirit:choice>
      <spirit:name>choices_4</spirit:name>
      <spirit:enumeration spirit:text="Use LUTs">Use_LUTs</spirit:enumeration>
      <spirit:enumeration spirit:text="Use Mults">Use_Mults</spirit:enumeration>
    </spirit:choice>
    <spirit:choice>
      <spirit:name>choices_5</spirit:name>
      <spirit:enumeration spirit:text="Area Optimized">Area</spirit:enumeration>
      <spirit:enumeration spirit:text="Speed Optimized">Speed</spirit:enumeration>
    </spirit:choice>
    <spirit:choice>
      <spirit:name>choices_6</spirit:name>
      <spirit:enumeration spirit:text="0">0</spirit:enumeration>
      <spirit:enumeration spirit:text="1">1</spirit:enumeration>
      <spirit:enumeration spirit:text="2">2</spirit:enumeration>
      <spirit:enumeration spirit:text="3">3</spirit:enumeration>
      <spirit:enumeration spirit:text="4">4</spirit:enumeration>
      <spirit:enumeration spirit:text="5">5</spirit:enumeration>
      <spirit:enumeration spirit:text="6">6</spirit:enumeration>
      <spirit:enumeration spirit:text="7">7</spirit:enumeration>
      <spirit:enumeration spirit:text="8">8</spirit:enumeration>
      <spirit:enumeration spirit:text="9">9</spirit:enumeration>
      <spirit:enumeration spirit:text="10">10</spirit:enumeration>
      <spirit:enumeration spirit:text="11">11</spirit:enumeration>
      <spirit:enumeration spirit:text="12">12</spirit:enumeration>
      <spirit:enumeration spirit:text="13">13</spirit:enumeration>
      <spirit:enumeration spirit:text="14">14</spirit:enumeration>
      <spirit:enumeration spirit:text="15">15</spirit:enumeration>
      <spirit:enumeration spirit:text="16">16</spirit:enumeration>
      <spirit:enumeration spirit:text="17">17</spirit:enumeration>
      <spirit:enumeration spirit:text="18">18</spirit:enumeration>
      <spirit:enumeration spirit:text="19">19</spirit:enumeration>
      <spirit:enumeration spirit:text="20">20</spirit:enumeration>
      <spirit:enumeration spirit:text="21">21</spirit:enumeration>
      <spirit:enumeration spirit:text="22">22</spirit:enumeration>
      <spirit:enumeration spirit:text="23">23</spirit:enumeration>
      <spirit:enumeration spirit:text="24">24</spirit:enumeration>
      <spirit:enumeration spirit:text="25">25</spirit:enumeration>
      <spirit:enumeration spirit:text="26">26</spirit:enumeration>
      <spirit:enumeration spirit:text="27">27</spirit:enumeration>
      <spirit:enumeration spirit:text="28">28</spirit:enumeration>
      <spirit:enumeration spirit:text="29">29</spirit:enumeration>
      <spirit:enumeration spirit:text="30">30</spirit:enumeration>
    </spirit:choice>
    <spirit:choice>
      <spirit:name>choices_7</spirit:name>
      <spirit:enumeration spirit:text="SCLR Overrides CE">SCLR_Overrides_CE</spirit:enumeration>
      <spirit:enumeration spirit:text="CE Overrides SCLR">CE_Overrides_SCLR</spirit:enumeration>
    </spirit:choice>
  </spirit:choices>
  <spirit:fileSets>
    <spirit:fileSet>
      <spirit:name>xilinx_vhdlinstantiationtemplate_view_fileset</spirit:name>
      <spirit:file>
        <spirit:name>mult_gen_0.vho</spirit:name>
        <spirit:userFileType>vhdlTemplate</spirit:userFileType>
      </spirit:file>
    </spirit:fileSet>
    <spirit:fileSet>
      <spirit:name>xilinx_vhdlsynthesis_view_fileset</spirit:name>
      <spirit:file>
        <spirit:name>mult_gen_0_ooc.xdc</spirit:name>
        <spirit:userFileType>xdc</spirit:userFileType>
        <spirit:userFileType>USED_IN_out_of_context</spirit:userFileType>
        <spirit:userFileType>USED_IN_synthesis</spirit:userFileType>
        <spirit:userFileType>USED_IN_implementation</spirit:userFileType>
      </spirit:file>
      <spirit:file>
        <spirit:name>mult_gen_v12_0/hdl/mult_gen_v12_0_comp.vhd</spirit:name>
        <spirit:fileType>vhdlSource</spirit:fileType>
        <spirit:logicalName>mult_gen_v12_0</spirit:logicalName>
      </spirit:file>
      <spirit:file>
        <spirit:name>mult_gen_v12_0/hdl/mult_gen_v12_0_viv_comp.vhd</spirit:name>
        <spirit:fileType>vhdlSource</spirit:fileType>
        <spirit:logicalName>mult_gen_v12_0</spirit:logicalName>
      </spirit:file>
      <spirit:file>
        <spirit:name>mult_gen_v12_0/hdl/mult_gen_v12_0_pkg.vhd</spirit:name>
        <spirit:fileType>vhdlSource</spirit:fileType>
        <spirit:logicalName>mult_gen_v12_0</spirit:logicalName>
      </spirit:file>
      <spirit:file>
        <spirit:name>mult_gen_v12_0/hdl/op_resize.vhd</spirit:name>
        <spirit:fileType>vhdlSource</spirit:fileType>
        <spirit:logicalName>mult_gen_v12_0</spirit:logicalName>
      </spirit:file>
      <spirit:file>
        <spirit:name>mult_gen_v12_0/hdl/delay_line.vhd</spirit:name>
        <spirit:fileType>vhdlSource</spirit:fileType>
        <spirit:logicalName>mult_gen_v12_0</spirit:logicalName>
      </spirit:file>
      <spirit:file>
        <spirit:name>mult_gen_v12_0/hdl/cc_compare.vhd</spirit:name>
        <spirit:fileType>vhdlSource</spirit:fileType>
        <spirit:logicalName>mult_gen_v12_0</spirit:logicalName>
      </spirit:file>
      <spirit:file>
        <spirit:name>mult_gen_v12_0/hdl/luts.vhd</spirit:name>
        <spirit:fileType>vhdlSource</spirit:fileType>
        <spirit:logicalName>mult_gen_v12_0</spirit:logicalName>
      </spirit:file>
      <spirit:file>
        <spirit:name>mult_gen_v12_0/hdl/mult18.vhd</spirit:name>
        <spirit:fileType>vhdlSource</spirit:fileType>
        <spirit:logicalName>mult_gen_v12_0</spirit:logicalName>
      </spirit:file>
      <spirit:file>
        <spirit:name>mult_gen_v12_0/hdl/dsp_pkg.vhd</spirit:name>
        <spirit:fileType>vhdlSource</spirit:fileType>
        <spirit:logicalName>mult_gen_v12_0</spirit:logicalName>
      </spirit:file>
      <spirit:file>
        <spirit:name>mult_gen_v12_0/hdl/dsp.vhd</spirit:name>
        <spirit:fileType>vhdlSource</spirit:fileType>
        <spirit:logicalName>mult_gen_v12_0</spirit:logicalName>
      </spirit:file>
      <spirit:file>
        <spirit:name>mult_gen_v12_0/hdl/hybrid.vhd</spirit:name>
        <spirit:fileType>vhdlSource</spirit:fileType>
        <spirit:logicalName>mult_gen_v12_0</spirit:logicalName>
      </spirit:file>
      <spirit:file>
        <spirit:name>mult_gen_v12_0/hdl/ccm_dist_mem.vhd</spirit:name>
        <spirit:fileType>vhdlSource</spirit:fileType>
        <spirit:logicalName>mult_gen_v12_0</spirit:logicalName>
      </spirit:file>
      <spirit:file>
        <spirit:name>mult_gen_v12_0/hdl/ccm_sp_block_mem.vhd</spirit:name>
        <spirit:fileType>vhdlSource</spirit:fileType>
        <spirit:logicalName>mult_gen_v12_0</spirit:logicalName>
      </spirit:file>
      <spirit:file>
        <spirit:name>mult_gen_v12_0/hdl/ccm_dp_block_mem.vhd</spirit:name>
        <spirit:fileType>vhdlSource</spirit:fileType>
        <spirit:logicalName>mult_gen_v12_0</spirit:logicalName>
      </spirit:file>
      <spirit:file>
        <spirit:name>mult_gen_v12_0/hdl/ccm_syncmem.vhd</spirit:name>
        <spirit:fileType>vhdlSource</spirit:fileType>
        <spirit:logicalName>mult_gen_v12_0</spirit:logicalName>
      </spirit:file>
      <spirit:file>
        <spirit:name>mult_gen_v12_0/hdl/ccm_scaled_adder.vhd</spirit:name>
        <spirit:fileType>vhdlSource</spirit:fileType>
        <spirit:logicalName>mult_gen_v12_0</spirit:logicalName>
      </spirit:file>
      <spirit:file>
        <spirit:name>mult_gen_v12_0/hdl/ccm_operation.vhd</spirit:name>
        <spirit:fileType>vhdlSource</spirit:fileType>
        <spirit:logicalName>mult_gen_v12_0</spirit:logicalName>
      </spirit:file>
      <spirit:file>
        <spirit:name>mult_gen_v12_0/hdl/ccm.vhd</spirit:name>
        <spirit:fileType>vhdlSource</spirit:fileType>
        <spirit:logicalName>mult_gen_v12_0</spirit:logicalName>
      </spirit:file>
      <spirit:file>
        <spirit:name>mult_gen_v12_0/hdl/three_input_adder.vhd</spirit:name>
        <spirit:fileType>vhdlSource</spirit:fileType>
        <spirit:logicalName>mult_gen_v12_0</spirit:logicalName>
      </spirit:file>
      <spirit:file>
        <spirit:name>mult_gen_v12_0/hdl/multMxN_lut6.vhd</spirit:name>
        <spirit:fileType>vhdlSource</spirit:fileType>
        <spirit:logicalName>mult_gen_v12_0</spirit:logicalName>
      </spirit:file>
      <spirit:file>
        <spirit:name>mult_gen_v12_0/hdl/mult_gen_v12_0_viv.vhd</spirit:name>
        <spirit:fileType>vhdlSource</spirit:fileType>
        <spirit:logicalName>mult_gen_v12_0</spirit:logicalName>
      </spirit:file>
      <spirit:file>
        <spirit:name>mult_gen_v12_0/hdl/mult_gen_v12_0.vhd</spirit:name>
        <spirit:fileType>vhdlSource</spirit:fileType>
        <spirit:logicalName>mult_gen_v12_0</spirit:logicalName>
      </spirit:file>
    </spirit:fileSet>
    <spirit:fileSet>
      <spirit:name>xilinx_vhdlsynthesis_xilinx_com_ip_xbip_utils_3_0__ref_view_fileset</spirit:name>
      <spirit:file>
        <spirit:name>xbip_utils_v3_0/hdl/xbip_utils_v3_0_pkg.vhd</spirit:name>
        <spirit:fileType>vhdlSource</spirit:fileType>
        <spirit:logicalName>xbip_utils_v3_0</spirit:logicalName>
      </spirit:file>
      <spirit:file>
        <spirit:name>xbip_utils_v3_0/hdl/xcc_utils_v3_0.vhd</spirit:name>
        <spirit:fileType>vhdlSource</spirit:fileType>
        <spirit:logicalName>xbip_utils_v3_0</spirit:logicalName>
      </spirit:file>
      <spirit:vendorExtensions>
        <xilinx:subCoreRef>
          <xilinx:componentRef xilinx:vendor="xilinx.com" xilinx:library="ip" xilinx:name="xbip_utils" xilinx:version="3.0" xilinx:isGenerated="true" xilinx:checksum="a4e44e76">
            <xilinx:mode xilinx:name="copy_mode"/>
          </xilinx:componentRef>
        </xilinx:subCoreRef>
      </spirit:vendorExtensions>
    </spirit:fileSet>
    <spirit:fileSet>
      <spirit:name>xilinx_vhdlsynthesis_xilinx_com_ip_xbip_pipe_3_0__ref_view_fileset</spirit:name>
      <spirit:file>
        <spirit:name>xbip_pipe_v3_0/hdl/xbip_pipe_v3_0_viv_comp.vhd</spirit:name>
        <spirit:fileType>vhdlSource</spirit:fileType>
        <spirit:logicalName>xbip_pipe_v3_0</spirit:logicalName>
      </spirit:file>
      <spirit:file>
        <spirit:name>xbip_pipe_v3_0/hdl/xbip_pipe_v3_0_comp.vhd</spirit:name>
        <spirit:fileType>vhdlSource</spirit:fileType>
        <spirit:logicalName>xbip_pipe_v3_0</spirit:logicalName>
      </spirit:file>
      <spirit:file>
        <spirit:name>xbip_pipe_v3_0/hdl/xbip_pipe_v3_0_viv.vhd</spirit:name>
        <spirit:fileType>vhdlSource</spirit:fileType>
        <spirit:logicalName>xbip_pipe_v3_0</spirit:logicalName>
      </spirit:file>
      <spirit:file>
        <spirit:name>xbip_pipe_v3_0/hdl/xbip_pipe_v3_0.vhd</spirit:name>
        <spirit:fileType>vhdlSource</spirit:fileType>
        <spirit:logicalName>xbip_pipe_v3_0</spirit:logicalName>
      </spirit:file>
      <spirit:vendorExtensions>
        <xilinx:subCoreRef>
          <xilinx:componentRef xilinx:vendor="xilinx.com" xilinx:library="ip" xilinx:name="xbip_pipe" xilinx:version="3.0" xilinx:isGenerated="true" xilinx:checksum="20d3adae">
            <xilinx:mode xilinx:name="copy_mode"/>
          </xilinx:componentRef>
        </xilinx:subCoreRef>
      </spirit:vendorExtensions>
    </spirit:fileSet>
    <spirit:fileSet>
      <spirit:name>xilinx_vhdlsynthesis_xilinx_com_ip_xbip_bram18k_3_0__ref_view_fileset</spirit:name>
      <spirit:file>
        <spirit:name>xbip_bram18k_v3_0/hdl/xbip_bram18k_v3_0_pkg.vhd</spirit:name>
        <spirit:fileType>vhdlSource</spirit:fileType>
        <spirit:logicalName>xbip_bram18k_v3_0</spirit:logicalName>
      </spirit:file>
      <spirit:file>
        <spirit:name>xbip_bram18k_v3_0/hdl/xbip_bram18k_v3_0_viv_comp.vhd</spirit:name>
        <spirit:fileType>vhdlSource</spirit:fileType>
        <spirit:logicalName>xbip_bram18k_v3_0</spirit:logicalName>
      </spirit:file>
      <spirit:file>
        <spirit:name>xbip_bram18k_v3_0/hdl/xbip_bram18k_hdl_pkg.vhd</spirit:name>
        <spirit:fileType>vhdlSource</spirit:fileType>
        <spirit:logicalName>xbip_bram18k_v3_0</spirit:logicalName>
      </spirit:file>
      <spirit:file>
        <spirit:name>xbip_bram18k_v3_0/hdl/xbip_bram18k_synth.vhd</spirit:name>
        <spirit:fileType>vhdlSource</spirit:fileType>
        <spirit:logicalName>xbip_bram18k_v3_0</spirit:logicalName>
      </spirit:file>
      <spirit:file>
        <spirit:name>xbip_bram18k_v3_0/hdl/xbip_bram18k_rtl.vhd</spirit:name>
        <spirit:fileType>vhdlSource</spirit:fileType>
        <spirit:logicalName>xbip_bram18k_v3_0</spirit:logicalName>
      </spirit:file>
      <spirit:file>
        <spirit:name>xbip_bram18k_v3_0/hdl/xbip_bram18k_v3_0_viv.vhd</spirit:name>
        <spirit:fileType>vhdlSource</spirit:fileType>
        <spirit:logicalName>xbip_bram18k_v3_0</spirit:logicalName>
      </spirit:file>
      <spirit:file>
        <spirit:name>xbip_bram18k_v3_0/hdl/xbip_bram18k_v3_0.vhd</spirit:name>
        <spirit:fileType>vhdlSource</spirit:fileType>
        <spirit:logicalName>xbip_bram18k_v3_0</spirit:logicalName>
      </spirit:file>
      <spirit:vendorExtensions>
        <xilinx:subCoreRef>
          <xilinx:componentRef xilinx:vendor="xilinx.com" xilinx:library="ip" xilinx:name="xbip_bram18k" xilinx:version="3.0" xilinx:isGenerated="true" xilinx:checksum="1c280f3a">
            <xilinx:mode xilinx:name="copy_mode"/>
          </xilinx:componentRef>
        </xilinx:subCoreRef>
      </spirit:vendorExtensions>
    </spirit:fileSet>
    <spirit:fileSet>
      <spirit:name>xilinx_vhdlsynthesiswrapper_view_fileset</spirit:name>
      <spirit:file>
        <spirit:name>synth/mult_gen_0.vhd</spirit:name>
        <spirit:fileType>vhdlSource</spirit:fileType>
        <spirit:logicalName>xil_defaultlib</spirit:logicalName>
      </spirit:file>
    </spirit:fileSet>
    <spirit:fileSet>
      <spirit:name>xilinx_vhdlbehavioralsimulation_view_fileset</spirit:name>
      <spirit:file>
        <spirit:name>mult_gen_0_ooc.xdc</spirit:name>
        <spirit:userFileType>xdc</spirit:userFileType>
        <spirit:userFileType>USED_IN_out_of_context</spirit:userFileType>
        <spirit:userFileType>USED_IN_synthesis</spirit:userFileType>
        <spirit:userFileType>USED_IN_implementation</spirit:userFileType>
      </spirit:file>
      <spirit:file>
        <spirit:name>mult_gen_v12_0/hdl/mult_gen_v12_0_comp.vhd</spirit:name>
        <spirit:fileType>vhdlSource</spirit:fileType>
        <spirit:logicalName>mult_gen_v12_0</spirit:logicalName>
      </spirit:file>
      <spirit:file>
        <spirit:name>mult_gen_v12_0/hdl/mult_gen_v12_0_viv_comp.vhd</spirit:name>
        <spirit:fileType>vhdlSource</spirit:fileType>
        <spirit:logicalName>mult_gen_v12_0</spirit:logicalName>
      </spirit:file>
      <spirit:file>
        <spirit:name>mult_gen_v12_0/hdl/mult_gen_v12_0_pkg.vhd</spirit:name>
        <spirit:fileType>vhdlSource</spirit:fileType>
        <spirit:logicalName>mult_gen_v12_0</spirit:logicalName>
      </spirit:file>
      <spirit:file>
        <spirit:name>mult_gen_v12_0/hdl/op_resize.vhd</spirit:name>
        <spirit:fileType>vhdlSource</spirit:fileType>
        <spirit:logicalName>mult_gen_v12_0</spirit:logicalName>
      </spirit:file>
      <spirit:file>
        <spirit:name>mult_gen_v12_0/hdl/delay_line.vhd</spirit:name>
        <spirit:fileType>vhdlSource</spirit:fileType>
        <spirit:logicalName>mult_gen_v12_0</spirit:logicalName>
      </spirit:file>
      <spirit:file>
        <spirit:name>mult_gen_v12_0/hdl/cc_compare.vhd</spirit:name>
        <spirit:fileType>vhdlSource</spirit:fileType>
        <spirit:logicalName>mult_gen_v12_0</spirit:logicalName>
      </spirit:file>
      <spirit:file>
        <spirit:name>mult_gen_v12_0/hdl/luts.vhd</spirit:name>
        <spirit:fileType>vhdlSource</spirit:fileType>
        <spirit:logicalName>mult_gen_v12_0</spirit:logicalName>
      </spirit:file>
      <spirit:file>
        <spirit:name>mult_gen_v12_0/hdl/mult18.vhd</spirit:name>
        <spirit:fileType>vhdlSource</spirit:fileType>
        <spirit:logicalName>mult_gen_v12_0</spirit:logicalName>
      </spirit:file>
      <spirit:file>
        <spirit:name>mult_gen_v12_0/hdl/dsp_pkg.vhd</spirit:name>
        <spirit:fileType>vhdlSource</spirit:fileType>
        <spirit:logicalName>mult_gen_v12_0</spirit:logicalName>
      </spirit:file>
      <spirit:file>
        <spirit:name>mult_gen_v12_0/hdl/dsp.vhd</spirit:name>
        <spirit:fileType>vhdlSource</spirit:fileType>
        <spirit:logicalName>mult_gen_v12_0</spirit:logicalName>
      </spirit:file>
      <spirit:file>
        <spirit:name>mult_gen_v12_0/hdl/hybrid.vhd</spirit:name>
        <spirit:fileType>vhdlSource</spirit:fileType>
        <spirit:logicalName>mult_gen_v12_0</spirit:logicalName>
      </spirit:file>
      <spirit:file>
        <spirit:name>mult_gen_v12_0/hdl/ccm_dist_mem.vhd</spirit:name>
        <spirit:fileType>vhdlSource</spirit:fileType>
        <spirit:logicalName>mult_gen_v12_0</spirit:logicalName>
      </spirit:file>
      <spirit:file>
        <spirit:name>mult_gen_v12_0/hdl/ccm_sp_block_mem.vhd</spirit:name>
        <spirit:fileType>vhdlSource</spirit:fileType>
        <spirit:logicalName>mult_gen_v12_0</spirit:logicalName>
      </spirit:file>
      <spirit:file>
        <spirit:name>mult_gen_v12_0/hdl/ccm_dp_block_mem.vhd</spirit:name>
        <spirit:fileType>vhdlSource</spirit:fileType>
        <spirit:logicalName>mult_gen_v12_0</spirit:logicalName>
      </spirit:file>
      <spirit:file>
        <spirit:name>mult_gen_v12_0/hdl/ccm_syncmem.vhd</spirit:name>
        <spirit:fileType>vhdlSource</spirit:fileType>
        <spirit:logicalName>mult_gen_v12_0</spirit:logicalName>
      </spirit:file>
      <spirit:file>
        <spirit:name>mult_gen_v12_0/hdl/ccm_scaled_adder.vhd</spirit:name>
        <spirit:fileType>vhdlSource</spirit:fileType>
        <spirit:logicalName>mult_gen_v12_0</spirit:logicalName>
      </spirit:file>
      <spirit:file>
        <spirit:name>mult_gen_v12_0/hdl/ccm_operation.vhd</spirit:name>
        <spirit:fileType>vhdlSource</spirit:fileType>
        <spirit:logicalName>mult_gen_v12_0</spirit:logicalName>
      </spirit:file>
      <spirit:file>
        <spirit:name>mult_gen_v12_0/hdl/ccm.vhd</spirit:name>
        <spirit:fileType>vhdlSource</spirit:fileType>
        <spirit:logicalName>mult_gen_v12_0</spirit:logicalName>
      </spirit:file>
      <spirit:file>
        <spirit:name>mult_gen_v12_0/hdl/three_input_adder.vhd</spirit:name>
        <spirit:fileType>vhdlSource</spirit:fileType>
        <spirit:logicalName>mult_gen_v12_0</spirit:logicalName>
      </spirit:file>
      <spirit:file>
        <spirit:name>mult_gen_v12_0/hdl/multMxN_lut6.vhd</spirit:name>
        <spirit:fileType>vhdlSource</spirit:fileType>
        <spirit:logicalName>mult_gen_v12_0</spirit:logicalName>
      </spirit:file>
      <spirit:file>
        <spirit:name>mult_gen_v12_0/hdl/mult_gen_v12_0_viv.vhd</spirit:name>
        <spirit:fileType>vhdlSource</spirit:fileType>
        <spirit:logicalName>mult_gen_v12_0</spirit:logicalName>
      </spirit:file>
      <spirit:file>
        <spirit:name>mult_gen_v12_0/hdl/mult_gen_v12_0.vhd</spirit:name>
        <spirit:fileType>vhdlSource</spirit:fileType>
        <spirit:logicalName>mult_gen_v12_0</spirit:logicalName>
      </spirit:file>
    </spirit:fileSet>
    <spirit:fileSet>
      <spirit:name>xilinx_vhdlbehavioralsimulation_xilinx_com_ip_xbip_utils_3_0__ref_view_fileset</spirit:name>
      <spirit:file>
        <spirit:name>xbip_utils_v3_0/hdl/xbip_utils_v3_0_pkg.vhd</spirit:name>
        <spirit:fileType>vhdlSource</spirit:fileType>
        <spirit:logicalName>xbip_utils_v3_0</spirit:logicalName>
      </spirit:file>
      <spirit:file>
        <spirit:name>xbip_utils_v3_0/hdl/xcc_utils_v3_0.vhd</spirit:name>
        <spirit:fileType>vhdlSource</spirit:fileType>
        <spirit:logicalName>xbip_utils_v3_0</spirit:logicalName>
      </spirit:file>
      <spirit:vendorExtensions>
        <xilinx:subCoreRef>
          <xilinx:componentRef xilinx:vendor="xilinx.com" xilinx:library="ip" xilinx:name="xbip_utils" xilinx:version="3.0" xilinx:isGenerated="true" xilinx:checksum="a4e44e76">
            <xilinx:mode xilinx:name="copy_mode"/>
          </xilinx:componentRef>
        </xilinx:subCoreRef>
      </spirit:vendorExtensions>
    </spirit:fileSet>
    <spirit:fileSet>
      <spirit:name>xilinx_vhdlbehavioralsimulation_xilinx_com_ip_xbip_pipe_3_0__ref_view_fileset</spirit:name>
      <spirit:file>
        <spirit:name>xbip_pipe_v3_0/hdl/xbip_pipe_v3_0_viv_comp.vhd</spirit:name>
        <spirit:fileType>vhdlSource</spirit:fileType>
        <spirit:logicalName>xbip_pipe_v3_0</spirit:logicalName>
      </spirit:file>
      <spirit:file>
        <spirit:name>xbip_pipe_v3_0/hdl/xbip_pipe_v3_0_comp.vhd</spirit:name>
        <spirit:fileType>vhdlSource</spirit:fileType>
        <spirit:logicalName>xbip_pipe_v3_0</spirit:logicalName>
      </spirit:file>
      <spirit:file>
        <spirit:name>xbip_pipe_v3_0/hdl/xbip_pipe_v3_0_viv.vhd</spirit:name>
        <spirit:fileType>vhdlSource</spirit:fileType>
        <spirit:logicalName>xbip_pipe_v3_0</spirit:logicalName>
      </spirit:file>
      <spirit:file>
        <spirit:name>xbip_pipe_v3_0/hdl/xbip_pipe_v3_0.vhd</spirit:name>
        <spirit:fileType>vhdlSource</spirit:fileType>
        <spirit:logicalName>xbip_pipe_v3_0</spirit:logicalName>
      </spirit:file>
      <spirit:vendorExtensions>
        <xilinx:subCoreRef>
          <xilinx:componentRef xilinx:vendor="xilinx.com" xilinx:library="ip" xilinx:name="xbip_pipe" xilinx:version="3.0" xilinx:isGenerated="true" xilinx:checksum="20d3adae">
            <xilinx:mode xilinx:name="copy_mode"/>
          </xilinx:componentRef>
        </xilinx:subCoreRef>
      </spirit:vendorExtensions>
    </spirit:fileSet>
    <spirit:fileSet>
      <spirit:name>xilinx_vhdlbehavioralsimulation_xilinx_com_ip_xbip_bram18k_3_0__ref_view_fileset</spirit:name>
      <spirit:file>
        <spirit:name>xbip_bram18k_v3_0/hdl/xbip_bram18k_v3_0_pkg.vhd</spirit:name>
        <spirit:fileType>vhdlSource</spirit:fileType>
        <spirit:logicalName>xbip_bram18k_v3_0</spirit:logicalName>
      </spirit:file>
      <spirit:file>
        <spirit:name>xbip_bram18k_v3_0/hdl/xbip_bram18k_v3_0_viv_comp.vhd</spirit:name>
        <spirit:fileType>vhdlSource</spirit:fileType>
        <spirit:logicalName>xbip_bram18k_v3_0</spirit:logicalName>
      </spirit:file>
      <spirit:file>
        <spirit:name>xbip_bram18k_v3_0/hdl/xbip_bram18k_hdl_pkg.vhd</spirit:name>
        <spirit:fileType>vhdlSource</spirit:fileType>
        <spirit:logicalName>xbip_bram18k_v3_0</spirit:logicalName>
      </spirit:file>
      <spirit:file>
        <spirit:name>xbip_bram18k_v3_0/hdl/xbip_bram18k_synth.vhd</spirit:name>
        <spirit:fileType>vhdlSource</spirit:fileType>
        <spirit:logicalName>xbip_bram18k_v3_0</spirit:logicalName>
      </spirit:file>
      <spirit:file>
        <spirit:name>xbip_bram18k_v3_0/hdl/xbip_bram18k_rtl.vhd</spirit:name>
        <spirit:fileType>vhdlSource</spirit:fileType>
        <spirit:logicalName>xbip_bram18k_v3_0</spirit:logicalName>
      </spirit:file>
      <spirit:file>
        <spirit:name>xbip_bram18k_v3_0/hdl/xbip_bram18k_v3_0_viv.vhd</spirit:name>
        <spirit:fileType>vhdlSource</spirit:fileType>
        <spirit:logicalName>xbip_bram18k_v3_0</spirit:logicalName>
      </spirit:file>
      <spirit:file>
        <spirit:name>xbip_bram18k_v3_0/hdl/xbip_bram18k_v3_0.vhd</spirit:name>
        <spirit:fileType>vhdlSource</spirit:fileType>
        <spirit:logicalName>xbip_bram18k_v3_0</spirit:logicalName>
      </spirit:file>
      <spirit:vendorExtensions>
        <xilinx:subCoreRef>
          <xilinx:componentRef xilinx:vendor="xilinx.com" xilinx:library="ip" xilinx:name="xbip_bram18k" xilinx:version="3.0" xilinx:isGenerated="true" xilinx:checksum="1c280f3a">
            <xilinx:mode xilinx:name="copy_mode"/>
          </xilinx:componentRef>
        </xilinx:subCoreRef>
      </spirit:vendorExtensions>
    </spirit:fileSet>
    <spirit:fileSet>
      <spirit:name>xilinx_vhdlsimulationwrapper_view_fileset</spirit:name>
      <spirit:file>
        <spirit:name>sim/mult_gen_0.vhd</spirit:name>
        <spirit:fileType>vhdlSource</spirit:fileType>
        <spirit:logicalName>xil_defaultlib</spirit:logicalName>
      </spirit:file>
    </spirit:fileSet>
    <spirit:fileSet>
      <spirit:name>xilinx_versioninformation_view_fileset</spirit:name>
      <spirit:file>
        <spirit:name>doc/mult_gen_v12_0_changelog.txt</spirit:name>
        <spirit:userFileType>text</spirit:userFileType>
      </spirit:file>
    </spirit:fileSet>
    <spirit:fileSet>
      <spirit:name>xilinx_externalfiles_view_fileset</spirit:name>
      <spirit:file>
        <spirit:name>mult_gen_0.dcp</spirit:name>
        <spirit:userFileType>dcp</spirit:userFileType>
        <spirit:userFileType>USED_IN_synthesis</spirit:userFileType>
        <spirit:userFileType>USED_IN_implementation</spirit:userFileType>
        <spirit:logicalName>xil_defaultlib</spirit:logicalName>
      </spirit:file>
      <spirit:file>
        <spirit:name>mult_gen_0_stub.v</spirit:name>
        <spirit:fileType>verilogSource</spirit:fileType>
        <spirit:userFileType>USED_IN_synth_blackbox_stub</spirit:userFileType>
        <spirit:logicalName>xil_defaultlib</spirit:logicalName>
      </spirit:file>
      <spirit:file>
        <spirit:name>mult_gen_0_stub.vhdl</spirit:name>
        <spirit:fileType>vhdlSource</spirit:fileType>
        <spirit:userFileType>USED_IN_synth_blackbox_stub</spirit:userFileType>
        <spirit:logicalName>xil_defaultlib</spirit:logicalName>
      </spirit:file>
      <spirit:file>
        <spirit:name>mult_gen_0_funcsim.v</spirit:name>
        <spirit:fileType>verilogSource</spirit:fileType>
        <spirit:userFileType>USED_IN_simulation</spirit:userFileType>
        <spirit:userFileType>USED_IN_single_language</spirit:userFileType>
        <spirit:logicalName>xil_defaultlib</spirit:logicalName>
      </spirit:file>
      <spirit:file>
        <spirit:name>mult_gen_0_funcsim.vhdl</spirit:name>
        <spirit:fileType>vhdlSource</spirit:fileType>
        <spirit:userFileType>USED_IN_simulation</spirit:userFileType>
        <spirit:userFileType>USED_IN_single_language</spirit:userFileType>
        <spirit:logicalName>xil_defaultlib</spirit:logicalName>
      </spirit:file>
    </spirit:fileSet>
  </spirit:fileSets>
  <spirit:description>Multiplication is a fundamental DSP operation.  This core allows parallel and constant-coefficient multipliers to be generated.  The user can specify if DSP48 Slices, LUTs or a combination of resources should be utilized.</spirit:description>
  <spirit:parameters>
    <spirit:parameter>
      <spirit:name>InternalUser</spirit:name>
      <spirit:value spirit:format="long" spirit:resolve="user" spirit:id="PARAM_VALUE.InternalUser" spirit:order="1" spirit:minimum="0" spirit:maximum="3147483647">0</spirit:value>
    </spirit:parameter>
    <spirit:parameter>
      <spirit:name>Component_Name</spirit:name>
      <spirit:value spirit:resolve="user" spirit:id="PARAM_VALUE.Component_Name" spirit:order="2">mult_gen_0</spirit:value>
    </spirit:parameter>
    <spirit:parameter>
      <spirit:name>MultType</spirit:name>
      <spirit:value spirit:resolve="user" spirit:id="PARAM_VALUE.MultType" spirit:choiceRef="choices_0" spirit:order="3">Parallel_Multiplier</spirit:value>
    </spirit:parameter>
    <spirit:parameter>
      <spirit:name>PortAType</spirit:name>
      <spirit:value spirit:resolve="user" spirit:id="PARAM_VALUE.PortAType" spirit:choiceRef="choices_1" spirit:order="4">Signed</spirit:value>
    </spirit:parameter>
    <spirit:parameter>
      <spirit:name>PortAWidth</spirit:name>
      <spirit:value spirit:format="long" spirit:resolve="user" spirit:id="PARAM_VALUE.PortAWidth" spirit:order="5" spirit:minimum="2" spirit:maximum="64">16</spirit:value>
    </spirit:parameter>
    <spirit:parameter>
      <spirit:name>PortBType</spirit:name>
      <spirit:value spirit:resolve="user" spirit:id="PARAM_VALUE.PortBType" spirit:choiceRef="choices_2" spirit:order="6">Signed</spirit:value>
    </spirit:parameter>
    <spirit:parameter>
      <spirit:name>PortBWidth</spirit:name>
      <spirit:value spirit:format="long" spirit:resolve="user" spirit:id="PARAM_VALUE.PortBWidth" spirit:order="7" spirit:minimum="2" spirit:maximum="64">16</spirit:value>
    </spirit:parameter>
    <spirit:parameter>
      <spirit:name>ConstValue</spirit:name>
      <spirit:value spirit:resolve="user" spirit:id="PARAM_VALUE.ConstValue" spirit:order="8">129</spirit:value>
    </spirit:parameter>
    <spirit:parameter>
      <spirit:name>CcmImp</spirit:name>
      <spirit:value spirit:resolve="user" spirit:id="PARAM_VALUE.CcmImp" spirit:choiceRef="choices_3" spirit:order="9">Distributed_Memory</spirit:value>
    </spirit:parameter>
    <spirit:parameter>
      <spirit:name>Multiplier_Construction</spirit:name>
      <spirit:value spirit:resolve="user" spirit:id="PARAM_VALUE.Multiplier_Construction" spirit:choiceRef="choices_4" spirit:order="10">Use_Mults</spirit:value>
    </spirit:parameter>
    <spirit:parameter>
      <spirit:name>OptGoal</spirit:name>
      <spirit:value spirit:resolve="user" spirit:id="PARAM_VALUE.OptGoal" spirit:choiceRef="choices_5" spirit:order="11">Speed</spirit:value>
    </spirit:parameter>
    <spirit:parameter>
      <spirit:name>Use_Custom_Output_Width</spirit:name>
      <spirit:value spirit:format="bool" spirit:resolve="user" spirit:id="PARAM_VALUE.Use_Custom_Output_Width" spirit:order="12">false</spirit:value>
    </spirit:parameter>
    <spirit:parameter>
      <spirit:name>OutputWidthHigh</spirit:name>
      <spirit:value spirit:format="long" spirit:resolve="user" spirit:id="PARAM_VALUE.OutputWidthHigh" spirit:order="13" spirit:minimum="0" spirit:maximum="127">31</spirit:value>
    </spirit:parameter>
    <spirit:parameter>
      <spirit:name>OutputWidthLow</spirit:name>
      <spirit:value spirit:format="long" spirit:resolve="user" spirit:id="PARAM_VALUE.OutputWidthLow" spirit:order="14" spirit:minimum="0" spirit:maximum="31">0</spirit:value>
    </spirit:parameter>
    <spirit:parameter>
      <spirit:name>UseRounding</spirit:name>
      <spirit:value spirit:format="bool" spirit:resolve="user" spirit:id="PARAM_VALUE.UseRounding" spirit:order="15">false</spirit:value>
    </spirit:parameter>
    <spirit:parameter>
      <spirit:name>RoundPoint</spirit:name>
      <spirit:value spirit:format="long" spirit:resolve="user" spirit:id="PARAM_VALUE.RoundPoint" spirit:order="16" spirit:minimum="0" spirit:maximum="127">0</spirit:value>
    </spirit:parameter>
    <spirit:parameter>
      <spirit:name>PipeStages</spirit:name>
      <spirit:value spirit:resolve="user" spirit:id="PARAM_VALUE.PipeStages" spirit:choiceRef="choices_6" spirit:order="17">1</spirit:value>
    </spirit:parameter>
    <spirit:parameter>
      <spirit:name>ClockEnable</spirit:name>
      <spirit:value spirit:format="bool" spirit:resolve="user" spirit:id="PARAM_VALUE.ClockEnable" spirit:order="18">false</spirit:value>
    </spirit:parameter>
    <spirit:parameter>
      <spirit:name>SyncClear</spirit:name>
      <spirit:value spirit:format="bool" spirit:resolve="user" spirit:id="PARAM_VALUE.SyncClear" spirit:order="19">false</spirit:value>
    </spirit:parameter>
    <spirit:parameter>
      <spirit:name>SclrCePriority</spirit:name>
      <spirit:value spirit:resolve="user" spirit:id="PARAM_VALUE.SclrCePriority" spirit:choiceRef="choices_7" spirit:order="20">SCLR_Overrides_CE</spirit:value>
    </spirit:parameter>
    <spirit:parameter>
      <spirit:name>ZeroDetect</spirit:name>
      <spirit:value spirit:format="bool" spirit:resolve="user" spirit:id="PARAM_VALUE.ZeroDetect" spirit:order="21">false</spirit:value>
    </spirit:parameter>
  </spirit:parameters>
  <spirit:vendorExtensions>
    <xilinx:coreExtensions>
      <xilinx:supportedFamilies>
        <xilinx:family xilinx:lifeCycle="Production">aartix7</xilinx:family>
        <xilinx:family xilinx:lifeCycle="Production">artix7</xilinx:family>
        <xilinx:family xilinx:lifeCycle="Production">artix7l</xilinx:family>
        <xilinx:family xilinx:lifeCycle="Production">azynq</xilinx:family>
        <xilinx:family xilinx:lifeCycle="Production">kintex7</xilinx:family>
        <xilinx:family xilinx:lifeCycle="Production">kintex7l</xilinx:family>
        <xilinx:family xilinx:lifeCycle="Pre-Production">kintexu</xilinx:family>
        <xilinx:family xilinx:lifeCycle="Production">qartix7</xilinx:family>
        <xilinx:family xilinx:lifeCycle="Production">qkintex7</xilinx:family>
        <xilinx:family xilinx:lifeCycle="Production">qkintex7l</xilinx:family>
        <xilinx:family xilinx:lifeCycle="Production">qvirtex7</xilinx:family>
        <xilinx:family xilinx:lifeCycle="Production">qzynq</xilinx:family>
        <xilinx:family xilinx:lifeCycle="Production">virtex7</xilinx:family>
        <xilinx:family xilinx:lifeCycle="Pre-Production">virtexu</xilinx:family>
        <xilinx:family xilinx:lifeCycle="Production">zynq</xilinx:family>
      </xilinx:supportedFamilies>
      <xilinx:taxonomies>
        <xilinx:taxonomy>/Math_Functions/Multipliers</xilinx:taxonomy>
      </xilinx:taxonomies>
      <xilinx:displayName>Multiplier</xilinx:displayName>
      <xilinx:coreRevision>5</xilinx:coreRevision>
      <xilinx:paymentRequired>false</xilinx:paymentRequired>
      <xilinx:upgrades>
        <xilinx:canUpgradeFrom>xilinx.com:ip:mult_gen:9.0</xilinx:canUpgradeFrom>
        <xilinx:canUpgradeFrom>xilinx.com:ip:mult_gen:10.0</xilinx:canUpgradeFrom>
        <xilinx:canUpgradeFrom>xilinx.com:ip:mult_gen:10.1</xilinx:canUpgradeFrom>
        <xilinx:canUpgradeFrom>xilinx.com:ip:mult_gen:11.0</xilinx:canUpgradeFrom>
        <xilinx:canUpgradeFrom>xilinx.com:ip:mult_gen:11.2</xilinx:canUpgradeFrom>
      </xilinx:upgrades>
      <xilinx:coreCreationDateTime>2014-05-30T15:07:51Z</xilinx:coreCreationDateTime>
    </xilinx:coreExtensions>
    <xilinx:packagingInfo>
      <xilinx:xilinxVersion>2014.2</xilinx:xilinxVersion>
      <xilinx:checksum xilinx:scope="busInterfaces" xilinx:value="20302396"/>
      <xilinx:checksum xilinx:scope="fileGroups" xilinx:value="55e3c84c"/>
      <xilinx:checksum xilinx:scope="ports" xilinx:value="3db7f6ff"/>
      <xilinx:checksum xilinx:scope="hdlParameters" xilinx:value="bdef7962"/>
      <xilinx:checksum xilinx:scope="parameters" xilinx:value="38ac792f"/>
    </xilinx:packagingInfo>
  </spirit:vendorExtensions>
</spirit:component>
