<?xml version="1.0" encoding="UTF-8"?>
<GenRun Id="impl_1" LaunchPart="xc7a100tcsg324-1" LaunchTime="1429904838">
  <File Type="RUN-CONSTRS" Name="$PDATADIR/runs/impl_1/constrs_in.xml"/>
  <File Type="RUN-STRAT" Name="$PDATADIR/runs/impl_1/impl_1.psg"/>
  <File Type="PA-TCL" Name="top_level.tcl"/>
  <File Type="OPT-DCP" Name="top_level_opt.dcp"/>
  <File Type="OPT-DRC" Name="top_level_drc_opted.rpt"/>
  <File Type="PWROPT-DCP" Name="top_level_pwropt.dcp"/>
  <File Type="PWROPT-DRC" Name="top_level_drc_pwropted.rpt"/>
  <File Type="POSTROUTE-PHYSOPT-DCP" Name="top_level_postroute_physopt.dcp"/>
  <File Type="BITSTR-BMM" Name="top_level_bd.bmm"/>
  <File Type="POSTROUTE-PHYSOPT-TIMING" Name="top_level_timing_summary_postroute_physopted.rpt"/>
  <File Type="BITSTR-MMI" Name="top_level.mmi"/>
  <File Type="POSTROUTE-PHYSOPT-TIMING-PB" Name="top_level_timing_summary_postroute_physopted.pb"/>
  <File Type="BITSTR-SYSDEF" Name="top_level.sysdef"/>
  <File Type="BG-BIT" Name="top_level.bit"/>
  <File Type="BG-BIN" Name="top_level.bin"/>
  <File Type="POSTPLACE-PWROPT-DCP" Name="top_level_postplace_pwropt.dcp"/>
  <File Type="BITSTR-MSK" Name="top_level.msk"/>
  <File Type="BITSTR-RBT" Name="top_level.rbt"/>
  <File Type="PHYSOPT-DCP" Name="top_level_physopt.dcp"/>
  <File Type="BITSTR-NKY" Name="top_level.nky"/>
  <File Type="PHYSOPT-DRC" Name="top_level_drc_physopted.rpt"/>
  <File Type="RDI-RDI" Name="top_level.vdi"/>
  <File Type="WBT-USG" Name="usage_statistics_webtalk.html"/>
  <File Type="BG-DRC" Name="top_level.drc"/>
  <File Type="PLACE-DCP" Name="top_level_placed.dcp"/>
  <File Type="ROUTE-SIMILARITY" Name="top_level_incremental_reuse_routed.rpt"/>
  <File Type="BG-BGN" Name="top_level.bgn"/>
  <File Type="ROUTE-TIMING-PB" Name="top_level_timing_summary_routed.pb"/>
  <File Type="ROUTE-TIMINGSUMMARY" Name="top_level_timing_summary_routed.rpt"/>
  <File Type="ROUTE-STATUS-PB" Name="top_level_route_status.pb"/>
  <File Type="ROUTE-STATUS" Name="top_level_route_status.rpt"/>
  <File Type="ROUTE-PWR-SUM" Name="top_level_power_summary_routed.pb"/>
  <File Type="ROUTE-PWR" Name="top_level_power_routed.rpt"/>
  <File Type="ROUTE-DRC-PB" Name="top_level_drc_routed.pb"/>
  <File Type="ROUTE-DRC" Name="top_level_drc_routed.rpt"/>
  <File Type="ROUTE-DCP" Name="top_level_routed.dcp"/>
  <File Type="PLACE-PRE-SIMILARITY" Name="top_level_incremental_reuse_pre_placed.rpt"/>
  <File Type="PLACE-SIMILARITY" Name="top_level_incremental_reuse_placed.rpt"/>
  <File Type="PLACE-CTRL" Name="top_level_control_sets_placed.rpt"/>
  <File Type="PLACE-UTIL-PB" Name="top_level_utilization_placed.pb"/>
  <File Type="PLACE-UTIL" Name="top_level_utilization_placed.rpt"/>
  <File Type="PLACE-CLK" Name="top_level_clock_utilization_placed.rpt"/>
  <File Type="PLACE-IO" Name="top_level_io_placed.rpt"/>
  <FileSet Name="constrs_in" Type="Constrs" RelSrcDir="$PSRCDIR/constrs_1">
    <Filter Type="Constrs"/>
    <File Path="$PSRCDIR/constrs_1/imports/lab2/Nexys4_Master.xdc">
      <FileInfo>
        <Attr Name="Library" Val="xil_defaultlib"/>
        <Attr Name="ImportPath" Val="$PPRDIR/../../../../../../data1/cdaffron/git/ece551hw/final/top_level_project/top_level_project.srcs/constrs_1/imports/lab2/Nexys4_Master.xdc"/>
        <Attr Name="ImportTime" Val="1429485808"/>
        <Attr Name="UsedIn" Val="synthesis"/>
        <Attr Name="UsedIn" Val="implementation"/>
      </FileInfo>
    </File>
    <File Path="$PPRDIR/../../../../../../data1/cdaffron/git/ece551hw/final/final_project_team_y/final_project_team_y.data/constrs_1/designprops.xml">
      <FileInfo SFType="CompatPartsDb">
        <Attr Name="Library" Val="xil_defaultlib"/>
        <Attr Name="ImportPath" Val="$PPRDIR/../../../../../../data1/cdaffron/git/ece551hw/final/chris/final_version_opt_test/final_version_opt_test.ioplanning/constrs_1/designprops.xml"/>
        <Attr Name="ImportTime" Val="1429902930"/>
      </FileInfo>
    </File>
    <File Path="$PPRDIR/../../../../../../data1/cdaffron/git/ece551hw/final/final_project_team_y/final_project_team_y.data/constrs_1/usercols.xml">
      <FileInfo SFType="UserColsDb">
        <Attr Name="Library" Val="xil_defaultlib"/>
        <Attr Name="ImportPath" Val="$PPRDIR/../../../../../../data1/cdaffron/git/ece551hw/final/chris/final_version_opt_test/final_version_opt_test.ioplanning/constrs_1/usercols.xml"/>
        <Attr Name="ImportTime" Val="1429902930"/>
      </FileInfo>
    </File>
    <Config>
      <Option Name="TargetConstrsFile" Val="$PSRCDIR/constrs_1/imports/lab2/Nexys4_Master.xdc"/>
      <Option Name="ConstrsType" Val="XDC"/>
    </Config>
  </FileSet>
  <Strategy Version="1" Minor="2">
    <StratHandle Name="Vivado Implementation Defaults" Flow="Vivado Implementation 2014"/>
    <Step Id="init_design"/>
    <Step Id="opt_design"/>
    <Step Id="power_opt_design"/>
    <Step Id="place_design"/>
    <Step Id="post_place_power_opt_design"/>
    <Step Id="phys_opt_design"/>
    <Step Id="route_design"/>
    <Step Id="post_route_phys_opt_design"/>
    <Step Id="write_bitstream"/>
  </Strategy>
  <BlockFileSet Type="BlockSrcs" Name="mult_gen_0"/>
  <BlockFileSet Type="BlockSrcs" Name="c_addsub_0"/>
  <BlockFileSet Type="BlockSrcs" Name="cordic_0"/>
  <BlockFileSet Type="BlockSrcs" Name="blk_mem_gen_0"/>
  <BlockFileSet Type="BlockSrcs" Name="blk_mem_gen_1"/>
  <BlockFileSet Type="BlockSrcs" Name="clk_wiz_0"/>
  <BlockFileSet Type="BlockSrcs" Name="c_counter_binary_0"/>
  <BlockFileSet Type="BlockSrcs" Name="xfft_0"/>
  <BlockFileSet Type="BlockSrcs" Name="clk_wiz_vga"/>
</GenRun>
